carpeta;funcion;algoritmo;n;t
compare_algorithms;randomValuesAndSizes;bruteforce;0;0.032959ms
compare_algorithms;randomValuesAndSizes;bruteforce;0;0.000827ms
compare_algorithms;randomValuesAndSizes;bruteforce;0;0.000576ms
compare_algorithms;randomValuesAndSizes;bruteforce;0;0.000606ms
compare_algorithms;randomValuesAndSizes;bruteforce;0;0.000621ms
compare_algorithms;randomValuesAndSizes;bruteforce;0;0.000632ms
compare_algorithms;randomValuesAndSizes;bruteforce;0;0.000597ms
compare_algorithms;randomValuesAndSizes;bruteforce;0;0.000601ms
compare_algorithms;randomValuesAndSizes;bruteforce;0;0.000582ms
compare_algorithms;randomValuesAndSizes;bruteforce;0;0.000591ms
compare_algorithms;randomValuesAndSizes;bruteforce;0;0.000616ms
compare_algorithms;randomValuesAndSizes;bruteforce;0;0.000591ms
compare_algorithms;randomValuesAndSizes;bruteforce;0;0.000631ms
compare_algorithms;randomValuesAndSizes;bruteforce;0;0.000612ms
compare_algorithms;randomValuesAndSizes;bruteforce;0;0.000577ms
compare_algorithms;randomValuesAndSizes;bruteforce;0;0.000646ms
compare_algorithms;randomValuesAndSizes;bruteforce;0;0.000591ms
compare_algorithms;randomValuesAndSizes;bruteforce;0;0.000616ms
compare_algorithms;randomValuesAndSizes;bruteforce;0;0.000591ms
compare_algorithms;randomValuesAndSizes;bruteforce;0;0.000616ms
compare_algorithms;randomValuesAndSizes;bruteforce;0;0.000596ms
compare_algorithms;randomValuesAndSizes;bruteforce;0;0.000601ms
compare_algorithms;randomValuesAndSizes;bruteforce;0;0.000606ms
compare_algorithms;randomValuesAndSizes;bruteforce;0;0.000596ms
compare_algorithms;randomValuesAndSizes;bruteforce;0;0.000596ms
compare_algorithms;randomValuesAndSizes;bruteforce;0;0.000596ms
compare_algorithms;randomValuesAndSizes;bruteforce;0;0.000597ms
compare_algorithms;randomValuesAndSizes;bruteforce;0;0.000616ms
compare_algorithms;randomValuesAndSizes;bruteforce;0;0.000611ms
compare_algorithms;randomValuesAndSizes;bruteforce;0;0.000616ms
compare_algorithms;randomValuesAndSizes;bruteforce;0;0.000637ms
compare_algorithms;randomValuesAndSizes;bruteforce;0;0.000662ms
compare_algorithms;randomValuesAndSizes;bruteforce;0;0.000651ms
compare_algorithms;randomValuesAndSizes;bruteforce;0;0.000571ms
compare_algorithms;randomValuesAndSizes;bruteforce;0;0.000586ms
compare_algorithms;randomValuesAndSizes;bruteforce;0;0.000601ms
compare_algorithms;randomValuesAndSizes;bruteforce;0;0.000566ms
compare_algorithms;randomValuesAndSizes;bruteforce;0;0.000565ms
compare_algorithms;randomValuesAndSizes;bruteforce;0;0.000581ms
compare_algorithms;randomValuesAndSizes;bruteforce;0;0.000571ms
compare_algorithms;randomValuesAndSizes;bruteforce;0;0.000581ms
compare_algorithms;randomValuesAndSizes;bruteforce;0;0.000581ms
compare_algorithms;randomValuesAndSizes;bruteforce;0;0.000585ms
compare_algorithms;randomValuesAndSizes;bruteforce;0;0.000597ms
compare_algorithms;randomValuesAndSizes;bruteforce;0;0.000597ms
compare_algorithms;randomValuesAndSizes;bruteforce;0;0.000697ms
compare_algorithms;randomValuesAndSizes;bruteforce;0;0.000606ms
compare_algorithms;randomValuesAndSizes;bruteforce;0;0.000571ms
compare_algorithms;randomValuesAndSizes;bruteforce;0;0.000596ms
compare_algorithms;randomValuesAndSizes;bruteforce;0;0.000601ms
compare_algorithms;randomValuesAndSizes;bruteforce;1;0.003617ms
compare_algorithms;randomValuesAndSizes;bruteforce;1;0.001848ms
compare_algorithms;randomValuesAndSizes;bruteforce;1;0.001558ms
compare_algorithms;randomValuesAndSizes;bruteforce;1;0.001523ms
compare_algorithms;randomValuesAndSizes;bruteforce;1;0.001578ms
compare_algorithms;randomValuesAndSizes;bruteforce;1;0.001563ms
compare_algorithms;randomValuesAndSizes;bruteforce;1;0.001493ms
compare_algorithms;randomValuesAndSizes;bruteforce;1;0.001563ms
compare_algorithms;randomValuesAndSizes;bruteforce;1;0.001533ms
compare_algorithms;randomValuesAndSizes;bruteforce;1;0.001527ms
compare_algorithms;randomValuesAndSizes;bruteforce;1;0.001588ms
compare_algorithms;randomValuesAndSizes;bruteforce;1;0.001579ms
compare_algorithms;randomValuesAndSizes;bruteforce;1;0.001498ms
compare_algorithms;randomValuesAndSizes;bruteforce;1;0.001523ms
compare_algorithms;randomValuesAndSizes;bruteforce;1;0.000499ms
compare_algorithms;randomValuesAndSizes;bruteforce;1;0.000419ms
compare_algorithms;randomValuesAndSizes;bruteforce;1;0.000415ms
compare_algorithms;randomValuesAndSizes;bruteforce;1;0.00041ms
compare_algorithms;randomValuesAndSizes;bruteforce;1;0.000433ms
compare_algorithms;randomValuesAndSizes;bruteforce;1;0.000413ms
compare_algorithms;randomValuesAndSizes;bruteforce;1;0.000448ms
compare_algorithms;randomValuesAndSizes;bruteforce;1;0.000427ms
compare_algorithms;randomValuesAndSizes;bruteforce;1;0.000439ms
compare_algorithms;randomValuesAndSizes;bruteforce;1;0.000417ms
compare_algorithms;randomValuesAndSizes;bruteforce;1;0.000408ms
compare_algorithms;randomValuesAndSizes;bruteforce;1;0.000456ms
compare_algorithms;randomValuesAndSizes;bruteforce;1;0.000428ms
compare_algorithms;randomValuesAndSizes;bruteforce;1;0.000401ms
compare_algorithms;randomValuesAndSizes;bruteforce;1;0.000421ms
compare_algorithms;randomValuesAndSizes;bruteforce;1;0.000419ms
compare_algorithms;randomValuesAndSizes;bruteforce;1;0.000435ms
compare_algorithms;randomValuesAndSizes;bruteforce;1;0.000426ms
compare_algorithms;randomValuesAndSizes;bruteforce;1;0.000403ms
compare_algorithms;randomValuesAndSizes;bruteforce;1;0.000411ms
compare_algorithms;randomValuesAndSizes;bruteforce;1;0.000425ms
compare_algorithms;randomValuesAndSizes;bruteforce;1;0.000423ms
compare_algorithms;randomValuesAndSizes;bruteforce;1;0.000397ms
compare_algorithms;randomValuesAndSizes;bruteforce;1;0.000401ms
compare_algorithms;randomValuesAndSizes;bruteforce;1;0.0004ms
compare_algorithms;randomValuesAndSizes;bruteforce;1;0.000407ms
compare_algorithms;randomValuesAndSizes;bruteforce;1;0.000445ms
compare_algorithms;randomValuesAndSizes;bruteforce;1;0.000415ms
compare_algorithms;randomValuesAndSizes;bruteforce;1;0.000409ms
compare_algorithms;randomValuesAndSizes;bruteforce;1;0.000406ms
compare_algorithms;randomValuesAndSizes;bruteforce;1;0.000518ms
compare_algorithms;randomValuesAndSizes;bruteforce;1;0.000433ms
compare_algorithms;randomValuesAndSizes;bruteforce;1;0.000434ms
compare_algorithms;randomValuesAndSizes;bruteforce;1;0.000441ms
compare_algorithms;randomValuesAndSizes;bruteforce;1;0.000488ms
compare_algorithms;randomValuesAndSizes;bruteforce;1;0.000449ms
compare_algorithms;randomValuesAndSizes;bruteforce;2;0.000915ms
compare_algorithms;randomValuesAndSizes;bruteforce;2;0.000859ms
compare_algorithms;randomValuesAndSizes;bruteforce;2;0.000944ms
compare_algorithms;randomValuesAndSizes;bruteforce;2;0.000789ms
compare_algorithms;randomValuesAndSizes;bruteforce;2;0.000791ms
compare_algorithms;randomValuesAndSizes;bruteforce;2;0.001116ms
compare_algorithms;randomValuesAndSizes;bruteforce;2;0.001137ms
compare_algorithms;randomValuesAndSizes;bruteforce;2;0.001524ms
compare_algorithms;randomValuesAndSizes;bruteforce;2;0.001105ms
compare_algorithms;randomValuesAndSizes;bruteforce;2;0.001311ms
compare_algorithms;randomValuesAndSizes;bruteforce;2;0.001001ms
compare_algorithms;randomValuesAndSizes;bruteforce;2;0.001503ms
compare_algorithms;randomValuesAndSizes;bruteforce;2;0.001634ms
compare_algorithms;randomValuesAndSizes;bruteforce;2;0.001858ms
compare_algorithms;randomValuesAndSizes;bruteforce;2;0.001642ms
compare_algorithms;randomValuesAndSizes;bruteforce;2;0.001115ms
compare_algorithms;randomValuesAndSizes;bruteforce;2;0.001284ms
compare_algorithms;randomValuesAndSizes;bruteforce;2;0.001166ms
compare_algorithms;randomValuesAndSizes;bruteforce;2;0.000947ms
compare_algorithms;randomValuesAndSizes;bruteforce;2;0.001415ms
compare_algorithms;randomValuesAndSizes;bruteforce;2;0.00103ms
compare_algorithms;randomValuesAndSizes;bruteforce;2;0.000733ms
compare_algorithms;randomValuesAndSizes;bruteforce;2;0.000839ms
compare_algorithms;randomValuesAndSizes;bruteforce;2;0.000847ms
compare_algorithms;randomValuesAndSizes;bruteforce;2;0.000866ms
compare_algorithms;randomValuesAndSizes;bruteforce;2;0.000839ms
compare_algorithms;randomValuesAndSizes;bruteforce;2;0.00089ms
compare_algorithms;randomValuesAndSizes;bruteforce;2;0.000775ms
compare_algorithms;randomValuesAndSizes;bruteforce;2;0.000728ms
compare_algorithms;randomValuesAndSizes;bruteforce;2;0.000709ms
compare_algorithms;randomValuesAndSizes;bruteforce;2;0.000809ms
compare_algorithms;randomValuesAndSizes;bruteforce;2;0.000707ms
compare_algorithms;randomValuesAndSizes;bruteforce;2;0.000758ms
compare_algorithms;randomValuesAndSizes;bruteforce;2;0.00075ms
compare_algorithms;randomValuesAndSizes;bruteforce;2;0.000802ms
compare_algorithms;randomValuesAndSizes;bruteforce;2;0.000743ms
compare_algorithms;randomValuesAndSizes;bruteforce;2;0.000865ms
compare_algorithms;randomValuesAndSizes;bruteforce;2;0.000699ms
compare_algorithms;randomValuesAndSizes;bruteforce;2;0.000859ms
compare_algorithms;randomValuesAndSizes;bruteforce;2;0.000852ms
compare_algorithms;randomValuesAndSizes;bruteforce;2;0.000842ms
compare_algorithms;randomValuesAndSizes;bruteforce;2;0.000869ms
compare_algorithms;randomValuesAndSizes;bruteforce;2;0.000758ms
compare_algorithms;randomValuesAndSizes;bruteforce;2;0.00078ms
compare_algorithms;randomValuesAndSizes;bruteforce;2;0.000712ms
compare_algorithms;randomValuesAndSizes;bruteforce;2;0.000919ms
compare_algorithms;randomValuesAndSizes;bruteforce;2;0.000902ms
compare_algorithms;randomValuesAndSizes;bruteforce;2;0.000689ms
compare_algorithms;randomValuesAndSizes;bruteforce;2;0.000906ms
compare_algorithms;randomValuesAndSizes;bruteforce;2;0.000747ms
compare_algorithms;randomValuesAndSizes;bruteforce;3;0.002167ms
compare_algorithms;randomValuesAndSizes;bruteforce;3;0.001715ms
compare_algorithms;randomValuesAndSizes;bruteforce;3;0.00159ms
compare_algorithms;randomValuesAndSizes;bruteforce;3;0.001599ms
compare_algorithms;randomValuesAndSizes;bruteforce;3;0.00148ms
compare_algorithms;randomValuesAndSizes;bruteforce;3;0.001485ms
compare_algorithms;randomValuesAndSizes;bruteforce;3;0.001615ms
compare_algorithms;randomValuesAndSizes;bruteforce;3;0.00131ms
compare_algorithms;randomValuesAndSizes;bruteforce;3;0.001971ms
compare_algorithms;randomValuesAndSizes;bruteforce;3;0.001945ms
compare_algorithms;randomValuesAndSizes;bruteforce;3;0.00132ms
compare_algorithms;randomValuesAndSizes;bruteforce;3;0.001446ms
compare_algorithms;randomValuesAndSizes;bruteforce;3;0.001392ms
compare_algorithms;randomValuesAndSizes;bruteforce;3;0.00149ms
compare_algorithms;randomValuesAndSizes;bruteforce;3;0.001425ms
compare_algorithms;randomValuesAndSizes;bruteforce;3;0.001318ms
compare_algorithms;randomValuesAndSizes;bruteforce;3;0.001418ms
compare_algorithms;randomValuesAndSizes;bruteforce;3;0.001281ms
compare_algorithms;randomValuesAndSizes;bruteforce;3;0.001826ms
compare_algorithms;randomValuesAndSizes;bruteforce;3;0.00158ms
compare_algorithms;randomValuesAndSizes;bruteforce;3;0.001633ms
compare_algorithms;randomValuesAndSizes;bruteforce;3;0.001444ms
compare_algorithms;randomValuesAndSizes;bruteforce;3;0.00136ms
compare_algorithms;randomValuesAndSizes;bruteforce;3;0.001288ms
compare_algorithms;randomValuesAndSizes;bruteforce;3;0.001429ms
compare_algorithms;randomValuesAndSizes;bruteforce;3;0.001509ms
compare_algorithms;randomValuesAndSizes;bruteforce;3;0.001377ms
compare_algorithms;randomValuesAndSizes;bruteforce;3;0.001929ms
compare_algorithms;randomValuesAndSizes;bruteforce;3;0.001326ms
compare_algorithms;randomValuesAndSizes;bruteforce;3;0.001345ms
compare_algorithms;randomValuesAndSizes;bruteforce;3;0.00132ms
compare_algorithms;randomValuesAndSizes;bruteforce;3;0.001283ms
compare_algorithms;randomValuesAndSizes;bruteforce;3;0.001628ms
compare_algorithms;randomValuesAndSizes;bruteforce;3;0.001524ms
compare_algorithms;randomValuesAndSizes;bruteforce;3;0.001697ms
compare_algorithms;randomValuesAndSizes;bruteforce;3;0.001769ms
compare_algorithms;randomValuesAndSizes;bruteforce;3;0.001314ms
compare_algorithms;randomValuesAndSizes;bruteforce;3;0.001323ms
compare_algorithms;randomValuesAndSizes;bruteforce;3;0.001316ms
compare_algorithms;randomValuesAndSizes;bruteforce;3;0.001522ms
compare_algorithms;randomValuesAndSizes;bruteforce;3;0.001482ms
compare_algorithms;randomValuesAndSizes;bruteforce;3;0.001467ms
compare_algorithms;randomValuesAndSizes;bruteforce;3;0.001348ms
compare_algorithms;randomValuesAndSizes;bruteforce;3;0.001527ms
compare_algorithms;randomValuesAndSizes;bruteforce;3;0.001456ms
compare_algorithms;randomValuesAndSizes;bruteforce;3;0.010526ms
compare_algorithms;randomValuesAndSizes;bruteforce;3;0.001329ms
compare_algorithms;randomValuesAndSizes;bruteforce;3;0.001665ms
compare_algorithms;randomValuesAndSizes;bruteforce;3;0.001475ms
compare_algorithms;randomValuesAndSizes;bruteforce;3;0.001436ms
compare_algorithms;randomValuesAndSizes;bruteforce;4;0.00317ms
compare_algorithms;randomValuesAndSizes;bruteforce;4;0.002712ms
compare_algorithms;randomValuesAndSizes;bruteforce;4;0.003223ms
compare_algorithms;randomValuesAndSizes;bruteforce;4;0.002924ms
compare_algorithms;randomValuesAndSizes;bruteforce;4;0.002527ms
compare_algorithms;randomValuesAndSizes;bruteforce;4;0.00275ms
compare_algorithms;randomValuesAndSizes;bruteforce;4;0.00285ms
compare_algorithms;randomValuesAndSizes;bruteforce;4;0.002536ms
compare_algorithms;randomValuesAndSizes;bruteforce;4;0.002343ms
compare_algorithms;randomValuesAndSizes;bruteforce;4;0.002342ms
compare_algorithms;randomValuesAndSizes;bruteforce;4;0.002821ms
compare_algorithms;randomValuesAndSizes;bruteforce;4;0.002596ms
compare_algorithms;randomValuesAndSizes;bruteforce;4;0.002514ms
compare_algorithms;randomValuesAndSizes;bruteforce;4;0.002373ms
compare_algorithms;randomValuesAndSizes;bruteforce;4;0.002817ms
compare_algorithms;randomValuesAndSizes;bruteforce;4;0.002181ms
compare_algorithms;randomValuesAndSizes;bruteforce;4;0.003803ms
compare_algorithms;randomValuesAndSizes;bruteforce;4;0.00267ms
compare_algorithms;randomValuesAndSizes;bruteforce;4;0.002908ms
compare_algorithms;randomValuesAndSizes;bruteforce;4;0.002723ms
compare_algorithms;randomValuesAndSizes;bruteforce;4;0.002525ms
compare_algorithms;randomValuesAndSizes;bruteforce;4;0.00232ms
compare_algorithms;randomValuesAndSizes;bruteforce;4;0.002711ms
compare_algorithms;randomValuesAndSizes;bruteforce;4;0.002519ms
compare_algorithms;randomValuesAndSizes;bruteforce;4;0.003316ms
compare_algorithms;randomValuesAndSizes;bruteforce;4;0.003206ms
compare_algorithms;randomValuesAndSizes;bruteforce;4;0.002525ms
compare_algorithms;randomValuesAndSizes;bruteforce;4;0.002481ms
compare_algorithms;randomValuesAndSizes;bruteforce;4;0.002441ms
compare_algorithms;randomValuesAndSizes;bruteforce;4;0.002736ms
compare_algorithms;randomValuesAndSizes;bruteforce;4;0.002512ms
compare_algorithms;randomValuesAndSizes;bruteforce;4;0.003179ms
compare_algorithms;randomValuesAndSizes;bruteforce;4;0.003059ms
compare_algorithms;randomValuesAndSizes;bruteforce;4;0.002149ms
compare_algorithms;randomValuesAndSizes;bruteforce;4;0.002514ms
compare_algorithms;randomValuesAndSizes;bruteforce;4;0.002787ms
compare_algorithms;randomValuesAndSizes;bruteforce;4;0.002359ms
compare_algorithms;randomValuesAndSizes;bruteforce;4;0.002833ms
compare_algorithms;randomValuesAndSizes;bruteforce;4;0.003332ms
compare_algorithms;randomValuesAndSizes;bruteforce;4;0.002397ms
compare_algorithms;randomValuesAndSizes;bruteforce;4;0.002612ms
compare_algorithms;randomValuesAndSizes;bruteforce;4;0.002401ms
compare_algorithms;randomValuesAndSizes;bruteforce;4;0.002902ms
compare_algorithms;randomValuesAndSizes;bruteforce;4;0.002475ms
compare_algorithms;randomValuesAndSizes;bruteforce;4;0.002921ms
compare_algorithms;randomValuesAndSizes;bruteforce;4;0.002321ms
compare_algorithms;randomValuesAndSizes;bruteforce;4;0.002424ms
compare_algorithms;randomValuesAndSizes;bruteforce;4;0.002707ms
compare_algorithms;randomValuesAndSizes;bruteforce;4;0.002802ms
compare_algorithms;randomValuesAndSizes;bruteforce;4;0.002808ms
compare_algorithms;randomValuesAndSizes;bruteforce;5;0.005532ms
compare_algorithms;randomValuesAndSizes;bruteforce;5;0.005297ms
compare_algorithms;randomValuesAndSizes;bruteforce;5;0.004927ms
compare_algorithms;randomValuesAndSizes;bruteforce;5;0.004758ms
compare_algorithms;randomValuesAndSizes;bruteforce;5;0.004499ms
compare_algorithms;randomValuesAndSizes;bruteforce;5;0.004279ms
compare_algorithms;randomValuesAndSizes;bruteforce;5;0.005423ms
compare_algorithms;randomValuesAndSizes;bruteforce;5;0.004837ms
compare_algorithms;randomValuesAndSizes;bruteforce;5;0.004349ms
compare_algorithms;randomValuesAndSizes;bruteforce;5;0.005975ms
compare_algorithms;randomValuesAndSizes;bruteforce;5;0.004142ms
compare_algorithms;randomValuesAndSizes;bruteforce;5;0.004838ms
compare_algorithms;randomValuesAndSizes;bruteforce;5;0.00419ms
compare_algorithms;randomValuesAndSizes;bruteforce;5;0.004679ms
compare_algorithms;randomValuesAndSizes;bruteforce;5;0.004571ms
compare_algorithms;randomValuesAndSizes;bruteforce;5;0.004049ms
compare_algorithms;randomValuesAndSizes;bruteforce;5;0.004257ms
compare_algorithms;randomValuesAndSizes;bruteforce;5;0.004982ms
compare_algorithms;randomValuesAndSizes;bruteforce;5;0.004231ms
compare_algorithms;randomValuesAndSizes;bruteforce;5;0.005594ms
compare_algorithms;randomValuesAndSizes;bruteforce;5;0.005324ms
compare_algorithms;randomValuesAndSizes;bruteforce;5;0.004406ms
compare_algorithms;randomValuesAndSizes;bruteforce;5;0.0053ms
compare_algorithms;randomValuesAndSizes;bruteforce;5;0.005064ms
compare_algorithms;randomValuesAndSizes;bruteforce;5;0.004495ms
compare_algorithms;randomValuesAndSizes;bruteforce;5;0.004743ms
compare_algorithms;randomValuesAndSizes;bruteforce;5;0.004526ms
compare_algorithms;randomValuesAndSizes;bruteforce;5;0.005014ms
compare_algorithms;randomValuesAndSizes;bruteforce;5;0.004809ms
compare_algorithms;randomValuesAndSizes;bruteforce;5;0.004938ms
compare_algorithms;randomValuesAndSizes;bruteforce;5;0.00436ms
compare_algorithms;randomValuesAndSizes;bruteforce;5;0.005699ms
compare_algorithms;randomValuesAndSizes;bruteforce;5;0.004878ms
compare_algorithms;randomValuesAndSizes;bruteforce;5;0.005896ms
compare_algorithms;randomValuesAndSizes;bruteforce;5;0.004089ms
compare_algorithms;randomValuesAndSizes;bruteforce;5;0.004687ms
compare_algorithms;randomValuesAndSizes;bruteforce;5;0.004499ms
compare_algorithms;randomValuesAndSizes;bruteforce;5;0.006497ms
compare_algorithms;randomValuesAndSizes;bruteforce;5;0.004728ms
compare_algorithms;randomValuesAndSizes;bruteforce;5;0.004874ms
compare_algorithms;randomValuesAndSizes;bruteforce;5;0.005553ms
compare_algorithms;randomValuesAndSizes;bruteforce;5;0.004565ms
compare_algorithms;randomValuesAndSizes;bruteforce;5;0.004676ms
compare_algorithms;randomValuesAndSizes;bruteforce;5;0.004733ms
compare_algorithms;randomValuesAndSizes;bruteforce;5;0.004554ms
compare_algorithms;randomValuesAndSizes;bruteforce;5;0.004509ms
compare_algorithms;randomValuesAndSizes;bruteforce;5;0.004195ms
compare_algorithms;randomValuesAndSizes;bruteforce;5;0.004364ms
compare_algorithms;randomValuesAndSizes;bruteforce;5;0.005206ms
compare_algorithms;randomValuesAndSizes;bruteforce;5;0.00427ms
compare_algorithms;randomValuesAndSizes;bruteforce;6;0.009269ms
compare_algorithms;randomValuesAndSizes;bruteforce;6;0.008571ms
compare_algorithms;randomValuesAndSizes;bruteforce;6;0.008598ms
compare_algorithms;randomValuesAndSizes;bruteforce;6;0.007977ms
compare_algorithms;randomValuesAndSizes;bruteforce;6;0.008422ms
compare_algorithms;randomValuesAndSizes;bruteforce;6;0.009787ms
compare_algorithms;randomValuesAndSizes;bruteforce;6;0.010073ms
compare_algorithms;randomValuesAndSizes;bruteforce;6;0.008462ms
compare_algorithms;randomValuesAndSizes;bruteforce;6;0.008959ms
compare_algorithms;randomValuesAndSizes;bruteforce;6;0.007546ms
compare_algorithms;randomValuesAndSizes;bruteforce;6;0.007762ms
compare_algorithms;randomValuesAndSizes;bruteforce;6;0.008121ms
compare_algorithms;randomValuesAndSizes;bruteforce;6;0.00842ms
compare_algorithms;randomValuesAndSizes;bruteforce;6;0.007998ms
compare_algorithms;randomValuesAndSizes;bruteforce;6;0.007858ms
compare_algorithms;randomValuesAndSizes;bruteforce;6;0.008837ms
compare_algorithms;randomValuesAndSizes;bruteforce;6;0.008318ms
compare_algorithms;randomValuesAndSizes;bruteforce;6;0.008834ms
compare_algorithms;randomValuesAndSizes;bruteforce;6;0.009003ms
compare_algorithms;randomValuesAndSizes;bruteforce;6;0.008332ms
compare_algorithms;randomValuesAndSizes;bruteforce;6;0.007895ms
compare_algorithms;randomValuesAndSizes;bruteforce;6;0.008151ms
compare_algorithms;randomValuesAndSizes;bruteforce;6;0.009173ms
compare_algorithms;randomValuesAndSizes;bruteforce;6;0.008773ms
compare_algorithms;randomValuesAndSizes;bruteforce;6;0.008721ms
compare_algorithms;randomValuesAndSizes;bruteforce;6;0.010615ms
compare_algorithms;randomValuesAndSizes;bruteforce;6;0.00891ms
compare_algorithms;randomValuesAndSizes;bruteforce;6;0.009133ms
compare_algorithms;randomValuesAndSizes;bruteforce;6;0.008862ms
compare_algorithms;randomValuesAndSizes;bruteforce;6;0.009301ms
compare_algorithms;randomValuesAndSizes;bruteforce;6;0.008208ms
compare_algorithms;randomValuesAndSizes;bruteforce;6;0.008021ms
compare_algorithms;randomValuesAndSizes;bruteforce;6;0.008402ms
compare_algorithms;randomValuesAndSizes;bruteforce;6;0.00737ms
compare_algorithms;randomValuesAndSizes;bruteforce;6;0.008487ms
compare_algorithms;randomValuesAndSizes;bruteforce;6;0.00811ms
compare_algorithms;randomValuesAndSizes;bruteforce;6;0.008027ms
compare_algorithms;randomValuesAndSizes;bruteforce;6;0.009209ms
compare_algorithms;randomValuesAndSizes;bruteforce;6;0.007669ms
compare_algorithms;randomValuesAndSizes;bruteforce;6;0.008032ms
compare_algorithms;randomValuesAndSizes;bruteforce;6;0.008746ms
compare_algorithms;randomValuesAndSizes;bruteforce;6;0.008467ms
compare_algorithms;randomValuesAndSizes;bruteforce;6;0.008099ms
compare_algorithms;randomValuesAndSizes;bruteforce;6;0.00886ms
compare_algorithms;randomValuesAndSizes;bruteforce;6;0.008193ms
compare_algorithms;randomValuesAndSizes;bruteforce;6;0.008559ms
compare_algorithms;randomValuesAndSizes;bruteforce;6;0.009639ms
compare_algorithms;randomValuesAndSizes;bruteforce;6;0.00814ms
compare_algorithms;randomValuesAndSizes;bruteforce;6;0.008307ms
compare_algorithms;randomValuesAndSizes;bruteforce;6;0.008017ms
compare_algorithms;randomValuesAndSizes;bruteforce;7;0.017727ms
compare_algorithms;randomValuesAndSizes;bruteforce;7;0.017516ms
compare_algorithms;randomValuesAndSizes;bruteforce;7;0.017377ms
compare_algorithms;randomValuesAndSizes;bruteforce;7;0.018087ms
compare_algorithms;randomValuesAndSizes;bruteforce;7;0.016437ms
compare_algorithms;randomValuesAndSizes;bruteforce;7;0.017446ms
compare_algorithms;randomValuesAndSizes;bruteforce;7;0.01766ms
compare_algorithms;randomValuesAndSizes;bruteforce;7;0.017787ms
compare_algorithms;randomValuesAndSizes;bruteforce;7;0.018771ms
compare_algorithms;randomValuesAndSizes;bruteforce;7;0.019922ms
compare_algorithms;randomValuesAndSizes;bruteforce;7;0.019367ms
compare_algorithms;randomValuesAndSizes;bruteforce;7;0.017921ms
compare_algorithms;randomValuesAndSizes;bruteforce;7;0.018591ms
compare_algorithms;randomValuesAndSizes;bruteforce;7;0.017072ms
compare_algorithms;randomValuesAndSizes;bruteforce;7;0.018497ms
compare_algorithms;randomValuesAndSizes;bruteforce;7;0.017916ms
compare_algorithms;randomValuesAndSizes;bruteforce;7;0.016953ms
compare_algorithms;randomValuesAndSizes;bruteforce;7;0.021752ms
compare_algorithms;randomValuesAndSizes;bruteforce;7;0.024987ms
compare_algorithms;randomValuesAndSizes;bruteforce;7;0.031214ms
compare_algorithms;randomValuesAndSizes;bruteforce;7;0.022602ms
compare_algorithms;randomValuesAndSizes;bruteforce;7;0.019959ms
compare_algorithms;randomValuesAndSizes;bruteforce;7;0.02022ms
compare_algorithms;randomValuesAndSizes;bruteforce;7;0.017944ms
compare_algorithms;randomValuesAndSizes;bruteforce;7;0.018441ms
compare_algorithms;randomValuesAndSizes;bruteforce;7;0.017303ms
compare_algorithms;randomValuesAndSizes;bruteforce;7;0.017183ms
compare_algorithms;randomValuesAndSizes;bruteforce;7;0.017338ms
compare_algorithms;randomValuesAndSizes;bruteforce;7;0.017613ms
compare_algorithms;randomValuesAndSizes;bruteforce;7;0.017444ms
compare_algorithms;randomValuesAndSizes;bruteforce;7;0.017202ms
compare_algorithms;randomValuesAndSizes;bruteforce;7;0.017062ms
compare_algorithms;randomValuesAndSizes;bruteforce;7;0.016246ms
compare_algorithms;randomValuesAndSizes;bruteforce;7;0.01722ms
compare_algorithms;randomValuesAndSizes;bruteforce;7;0.016765ms
compare_algorithms;randomValuesAndSizes;bruteforce;7;0.017153ms
compare_algorithms;randomValuesAndSizes;bruteforce;7;0.01842ms
compare_algorithms;randomValuesAndSizes;bruteforce;7;0.017151ms
compare_algorithms;randomValuesAndSizes;bruteforce;7;0.018189ms
compare_algorithms;randomValuesAndSizes;bruteforce;7;0.016208ms
compare_algorithms;randomValuesAndSizes;bruteforce;7;0.018985ms
compare_algorithms;randomValuesAndSizes;bruteforce;7;0.017551ms
compare_algorithms;randomValuesAndSizes;bruteforce;7;0.017072ms
compare_algorithms;randomValuesAndSizes;bruteforce;7;0.016559ms
compare_algorithms;randomValuesAndSizes;bruteforce;7;0.016811ms
compare_algorithms;randomValuesAndSizes;bruteforce;7;0.016447ms
compare_algorithms;randomValuesAndSizes;bruteforce;7;0.016237ms
compare_algorithms;randomValuesAndSizes;bruteforce;7;0.018265ms
compare_algorithms;randomValuesAndSizes;bruteforce;7;0.018048ms
compare_algorithms;randomValuesAndSizes;bruteforce;7;0.01969ms
compare_algorithms;randomValuesAndSizes;bruteforce;8;0.038017ms
compare_algorithms;randomValuesAndSizes;bruteforce;8;0.037623ms
compare_algorithms;randomValuesAndSizes;bruteforce;8;0.037202ms
compare_algorithms;randomValuesAndSizes;bruteforce;8;0.036605ms
compare_algorithms;randomValuesAndSizes;bruteforce;8;0.038001ms
compare_algorithms;randomValuesAndSizes;bruteforce;8;0.037198ms
compare_algorithms;randomValuesAndSizes;bruteforce;8;0.036973ms
compare_algorithms;randomValuesAndSizes;bruteforce;8;0.0407ms
compare_algorithms;randomValuesAndSizes;bruteforce;8;0.038369ms
compare_algorithms;randomValuesAndSizes;bruteforce;8;0.036855ms
compare_algorithms;randomValuesAndSizes;bruteforce;8;0.037752ms
compare_algorithms;randomValuesAndSizes;bruteforce;8;0.037595ms
compare_algorithms;randomValuesAndSizes;bruteforce;8;0.037583ms
compare_algorithms;randomValuesAndSizes;bruteforce;8;0.036853ms
compare_algorithms;randomValuesAndSizes;bruteforce;8;0.037672ms
compare_algorithms;randomValuesAndSizes;bruteforce;8;0.037636ms
compare_algorithms;randomValuesAndSizes;bruteforce;8;0.038964ms
compare_algorithms;randomValuesAndSizes;bruteforce;8;0.038764ms
compare_algorithms;randomValuesAndSizes;bruteforce;8;0.037281ms
compare_algorithms;randomValuesAndSizes;bruteforce;8;0.038026ms
compare_algorithms;randomValuesAndSizes;bruteforce;8;0.037062ms
compare_algorithms;randomValuesAndSizes;bruteforce;8;0.036519ms
compare_algorithms;randomValuesAndSizes;bruteforce;8;0.036646ms
compare_algorithms;randomValuesAndSizes;bruteforce;8;0.036603ms
compare_algorithms;randomValuesAndSizes;bruteforce;8;0.039847ms
compare_algorithms;randomValuesAndSizes;bruteforce;8;0.038258ms
compare_algorithms;randomValuesAndSizes;bruteforce;8;0.037477ms
compare_algorithms;randomValuesAndSizes;bruteforce;8;0.038386ms
compare_algorithms;randomValuesAndSizes;bruteforce;8;0.036995ms
compare_algorithms;randomValuesAndSizes;bruteforce;8;0.037061ms
compare_algorithms;randomValuesAndSizes;bruteforce;8;0.03761ms
compare_algorithms;randomValuesAndSizes;bruteforce;8;0.038461ms
compare_algorithms;randomValuesAndSizes;bruteforce;8;0.046001ms
compare_algorithms;randomValuesAndSizes;bruteforce;8;0.045044ms
compare_algorithms;randomValuesAndSizes;bruteforce;8;0.037522ms
compare_algorithms;randomValuesAndSizes;bruteforce;8;0.036199ms
compare_algorithms;randomValuesAndSizes;bruteforce;8;0.037834ms
compare_algorithms;randomValuesAndSizes;bruteforce;8;0.038305ms
compare_algorithms;randomValuesAndSizes;bruteforce;8;0.038353ms
compare_algorithms;randomValuesAndSizes;bruteforce;8;0.037014ms
compare_algorithms;randomValuesAndSizes;bruteforce;8;0.037415ms
compare_algorithms;randomValuesAndSizes;bruteforce;8;0.036731ms
compare_algorithms;randomValuesAndSizes;bruteforce;8;0.038002ms
compare_algorithms;randomValuesAndSizes;bruteforce;8;0.036377ms
compare_algorithms;randomValuesAndSizes;bruteforce;8;0.036611ms
compare_algorithms;randomValuesAndSizes;bruteforce;8;0.038405ms
compare_algorithms;randomValuesAndSizes;bruteforce;8;0.036797ms
compare_algorithms;randomValuesAndSizes;bruteforce;8;0.038573ms
compare_algorithms;randomValuesAndSizes;bruteforce;8;0.03901ms
compare_algorithms;randomValuesAndSizes;bruteforce;8;0.037557ms
compare_algorithms;randomValuesAndSizes;bruteforce;9;0.079854ms
compare_algorithms;randomValuesAndSizes;bruteforce;9;0.07905ms
compare_algorithms;randomValuesAndSizes;bruteforce;9;0.081978ms
compare_algorithms;randomValuesAndSizes;bruteforce;9;0.088931ms
compare_algorithms;randomValuesAndSizes;bruteforce;9;0.081648ms
compare_algorithms;randomValuesAndSizes;bruteforce;9;0.079719ms
compare_algorithms;randomValuesAndSizes;bruteforce;9;0.08089ms
compare_algorithms;randomValuesAndSizes;bruteforce;9;0.081266ms
compare_algorithms;randomValuesAndSizes;bruteforce;9;0.080963ms
compare_algorithms;randomValuesAndSizes;bruteforce;9;0.080178ms
compare_algorithms;randomValuesAndSizes;bruteforce;9;0.080788ms
compare_algorithms;randomValuesAndSizes;bruteforce;9;0.081718ms
compare_algorithms;randomValuesAndSizes;bruteforce;9;0.080688ms
compare_algorithms;randomValuesAndSizes;bruteforce;9;0.080272ms
compare_algorithms;randomValuesAndSizes;bruteforce;9;0.082717ms
compare_algorithms;randomValuesAndSizes;bruteforce;9;0.08023ms
compare_algorithms;randomValuesAndSizes;bruteforce;9;0.08023ms
compare_algorithms;randomValuesAndSizes;bruteforce;9;0.081304ms
compare_algorithms;randomValuesAndSizes;bruteforce;9;0.081091ms
compare_algorithms;randomValuesAndSizes;bruteforce;9;0.082048ms
compare_algorithms;randomValuesAndSizes;bruteforce;9;0.080676ms
compare_algorithms;randomValuesAndSizes;bruteforce;9;0.080555ms
compare_algorithms;randomValuesAndSizes;bruteforce;9;0.079955ms
compare_algorithms;randomValuesAndSizes;bruteforce;9;0.097541ms
compare_algorithms;randomValuesAndSizes;bruteforce;9;0.081437ms
compare_algorithms;randomValuesAndSizes;bruteforce;9;0.081081ms
compare_algorithms;randomValuesAndSizes;bruteforce;9;0.091783ms
compare_algorithms;randomValuesAndSizes;bruteforce;9;0.080849ms
compare_algorithms;randomValuesAndSizes;bruteforce;9;0.083798ms
compare_algorithms;randomValuesAndSizes;bruteforce;9;0.080981ms
compare_algorithms;randomValuesAndSizes;bruteforce;9;0.082133ms
compare_algorithms;randomValuesAndSizes;bruteforce;9;0.080186ms
compare_algorithms;randomValuesAndSizes;bruteforce;9;0.082896ms
compare_algorithms;randomValuesAndSizes;bruteforce;9;0.082949ms
compare_algorithms;randomValuesAndSizes;bruteforce;9;0.090205ms
compare_algorithms;randomValuesAndSizes;bruteforce;9;0.080506ms
compare_algorithms;randomValuesAndSizes;bruteforce;9;0.080905ms
compare_algorithms;randomValuesAndSizes;bruteforce;9;0.083797ms
compare_algorithms;randomValuesAndSizes;bruteforce;9;0.082306ms
compare_algorithms;randomValuesAndSizes;bruteforce;9;0.082823ms
compare_algorithms;randomValuesAndSizes;bruteforce;9;0.081951ms
compare_algorithms;randomValuesAndSizes;bruteforce;9;0.079603ms
compare_algorithms;randomValuesAndSizes;bruteforce;9;0.079957ms
compare_algorithms;randomValuesAndSizes;bruteforce;9;0.08107ms
compare_algorithms;randomValuesAndSizes;bruteforce;9;0.08018ms
compare_algorithms;randomValuesAndSizes;bruteforce;9;0.078549ms
compare_algorithms;randomValuesAndSizes;bruteforce;9;0.080061ms
compare_algorithms;randomValuesAndSizes;bruteforce;9;0.081813ms
compare_algorithms;randomValuesAndSizes;bruteforce;9;0.080095ms
compare_algorithms;randomValuesAndSizes;bruteforce;9;0.083147ms
compare_algorithms;randomValuesAndSizes;bruteforce;10;0.176279ms
compare_algorithms;randomValuesAndSizes;bruteforce;10;0.17777ms
compare_algorithms;randomValuesAndSizes;bruteforce;10;0.173448ms
compare_algorithms;randomValuesAndSizes;bruteforce;10;0.172843ms
compare_algorithms;randomValuesAndSizes;bruteforce;10;0.178006ms
compare_algorithms;randomValuesAndSizes;bruteforce;10;0.175309ms
compare_algorithms;randomValuesAndSizes;bruteforce;10;0.198424ms
compare_algorithms;randomValuesAndSizes;bruteforce;10;0.177549ms
compare_algorithms;randomValuesAndSizes;bruteforce;10;0.176467ms
compare_algorithms;randomValuesAndSizes;bruteforce;10;0.177216ms
compare_algorithms;randomValuesAndSizes;bruteforce;10;0.179307ms
compare_algorithms;randomValuesAndSizes;bruteforce;10;0.175028ms
compare_algorithms;randomValuesAndSizes;bruteforce;10;0.195172ms
compare_algorithms;randomValuesAndSizes;bruteforce;10;0.1765ms
compare_algorithms;randomValuesAndSizes;bruteforce;10;0.17733ms
compare_algorithms;randomValuesAndSizes;bruteforce;10;0.175645ms
compare_algorithms;randomValuesAndSizes;bruteforce;10;0.17645ms
compare_algorithms;randomValuesAndSizes;bruteforce;10;0.178296ms
compare_algorithms;randomValuesAndSizes;bruteforce;10;0.175187ms
compare_algorithms;randomValuesAndSizes;bruteforce;10;0.179025ms
compare_algorithms;randomValuesAndSizes;bruteforce;10;0.178863ms
compare_algorithms;randomValuesAndSizes;bruteforce;10;0.174566ms
compare_algorithms;randomValuesAndSizes;bruteforce;10;0.175451ms
compare_algorithms;randomValuesAndSizes;bruteforce;10;0.175167ms
compare_algorithms;randomValuesAndSizes;bruteforce;10;0.176088ms
compare_algorithms;randomValuesAndSizes;bruteforce;10;0.174832ms
compare_algorithms;randomValuesAndSizes;bruteforce;10;0.175421ms
compare_algorithms;randomValuesAndSizes;bruteforce;10;0.177392ms
compare_algorithms;randomValuesAndSizes;bruteforce;10;0.17685ms
compare_algorithms;randomValuesAndSizes;bruteforce;10;0.179951ms
compare_algorithms;randomValuesAndSizes;bruteforce;10;0.178254ms
compare_algorithms;randomValuesAndSizes;bruteforce;10;0.176565ms
compare_algorithms;randomValuesAndSizes;bruteforce;10;0.175009ms
compare_algorithms;randomValuesAndSizes;bruteforce;10;0.175357ms
compare_algorithms;randomValuesAndSizes;bruteforce;10;0.175087ms
compare_algorithms;randomValuesAndSizes;bruteforce;10;0.173409ms
compare_algorithms;randomValuesAndSizes;bruteforce;10;0.179881ms
compare_algorithms;randomValuesAndSizes;bruteforce;10;0.173941ms
compare_algorithms;randomValuesAndSizes;bruteforce;10;0.174995ms
compare_algorithms;randomValuesAndSizes;bruteforce;10;0.174957ms
compare_algorithms;randomValuesAndSizes;bruteforce;10;0.175534ms
compare_algorithms;randomValuesAndSizes;bruteforce;10;0.173612ms
compare_algorithms;randomValuesAndSizes;bruteforce;10;0.176755ms
compare_algorithms;randomValuesAndSizes;bruteforce;10;0.177329ms
compare_algorithms;randomValuesAndSizes;bruteforce;10;0.194817ms
compare_algorithms;randomValuesAndSizes;bruteforce;10;0.176253ms
compare_algorithms;randomValuesAndSizes;bruteforce;10;0.17624ms
compare_algorithms;randomValuesAndSizes;bruteforce;10;0.173634ms
compare_algorithms;randomValuesAndSizes;bruteforce;10;0.17448ms
compare_algorithms;randomValuesAndSizes;bruteforce;10;0.202395ms
compare_algorithms;randomValuesAndSizes;bruteforce;11;0.474776ms
compare_algorithms;randomValuesAndSizes;bruteforce;11;0.390122ms
compare_algorithms;randomValuesAndSizes;bruteforce;11;0.364635ms
compare_algorithms;randomValuesAndSizes;bruteforce;11;0.369081ms
compare_algorithms;randomValuesAndSizes;bruteforce;11;0.390421ms
compare_algorithms;randomValuesAndSizes;bruteforce;11;0.386527ms
compare_algorithms;randomValuesAndSizes;bruteforce;11;0.383056ms
compare_algorithms;randomValuesAndSizes;bruteforce;11;0.369854ms
compare_algorithms;randomValuesAndSizes;bruteforce;11;0.372362ms
compare_algorithms;randomValuesAndSizes;bruteforce;11;0.374972ms
compare_algorithms;randomValuesAndSizes;bruteforce;11;0.372354ms
compare_algorithms;randomValuesAndSizes;bruteforce;11;0.370892ms
compare_algorithms;randomValuesAndSizes;bruteforce;11;0.372512ms
compare_algorithms;randomValuesAndSizes;bruteforce;11;0.373219ms
compare_algorithms;randomValuesAndSizes;bruteforce;11;0.378632ms
compare_algorithms;randomValuesAndSizes;bruteforce;11;0.37251ms
compare_algorithms;randomValuesAndSizes;bruteforce;11;0.377713ms
compare_algorithms;randomValuesAndSizes;bruteforce;11;0.373592ms
compare_algorithms;randomValuesAndSizes;bruteforce;11;0.369774ms
compare_algorithms;randomValuesAndSizes;bruteforce;11;0.365219ms
compare_algorithms;randomValuesAndSizes;bruteforce;11;0.371427ms
compare_algorithms;randomValuesAndSizes;bruteforce;11;0.369384ms
compare_algorithms;randomValuesAndSizes;bruteforce;11;0.372645ms
compare_algorithms;randomValuesAndSizes;bruteforce;11;0.372194ms
compare_algorithms;randomValuesAndSizes;bruteforce;11;0.379641ms
compare_algorithms;randomValuesAndSizes;bruteforce;11;0.373574ms
compare_algorithms;randomValuesAndSizes;bruteforce;11;0.369822ms
compare_algorithms;randomValuesAndSizes;bruteforce;11;0.371292ms
compare_algorithms;randomValuesAndSizes;bruteforce;11;0.366409ms
compare_algorithms;randomValuesAndSizes;bruteforce;11;0.37295ms
compare_algorithms;randomValuesAndSizes;bruteforce;11;0.369356ms
compare_algorithms;randomValuesAndSizes;bruteforce;11;0.37013ms
compare_algorithms;randomValuesAndSizes;bruteforce;11;0.366425ms
compare_algorithms;randomValuesAndSizes;bruteforce;11;0.374265ms
compare_algorithms;randomValuesAndSizes;bruteforce;11;0.375ms
compare_algorithms;randomValuesAndSizes;bruteforce;11;0.372105ms
compare_algorithms;randomValuesAndSizes;bruteforce;11;0.369079ms
compare_algorithms;randomValuesAndSizes;bruteforce;11;0.374463ms
compare_algorithms;randomValuesAndSizes;bruteforce;11;0.36501ms
compare_algorithms;randomValuesAndSizes;bruteforce;11;0.374677ms
compare_algorithms;randomValuesAndSizes;bruteforce;11;0.392224ms
compare_algorithms;randomValuesAndSizes;bruteforce;11;0.370819ms
compare_algorithms;randomValuesAndSizes;bruteforce;11;0.373219ms
compare_algorithms;randomValuesAndSizes;bruteforce;11;0.370702ms
compare_algorithms;randomValuesAndSizes;bruteforce;11;0.372708ms
compare_algorithms;randomValuesAndSizes;bruteforce;11;0.370273ms
compare_algorithms;randomValuesAndSizes;bruteforce;11;0.372445ms
compare_algorithms;randomValuesAndSizes;bruteforce;11;0.37646ms
compare_algorithms;randomValuesAndSizes;bruteforce;11;0.375022ms
compare_algorithms;randomValuesAndSizes;bruteforce;11;0.395889ms
compare_algorithms;randomValuesAndSizes;bruteforce;12;0.766986ms
compare_algorithms;randomValuesAndSizes;bruteforce;12;0.777579ms
compare_algorithms;randomValuesAndSizes;bruteforce;12;0.778936ms
compare_algorithms;randomValuesAndSizes;bruteforce;12;0.772745ms
compare_algorithms;randomValuesAndSizes;bruteforce;12;0.768809ms
compare_algorithms;randomValuesAndSizes;bruteforce;12;0.790994ms
compare_algorithms;randomValuesAndSizes;bruteforce;12;0.781576ms
compare_algorithms;randomValuesAndSizes;bruteforce;12;0.774874ms
compare_algorithms;randomValuesAndSizes;bruteforce;12;0.770085ms
compare_algorithms;randomValuesAndSizes;bruteforce;12;0.76891ms
compare_algorithms;randomValuesAndSizes;bruteforce;12;0.771642ms
compare_algorithms;randomValuesAndSizes;bruteforce;12;0.826008ms
compare_algorithms;randomValuesAndSizes;bruteforce;12;0.792491ms
compare_algorithms;randomValuesAndSizes;bruteforce;12;0.774138ms
compare_algorithms;randomValuesAndSizes;bruteforce;12;0.769425ms
compare_algorithms;randomValuesAndSizes;bruteforce;12;0.776361ms
compare_algorithms;randomValuesAndSizes;bruteforce;12;0.778637ms
compare_algorithms;randomValuesAndSizes;bruteforce;12;0.782314ms
compare_algorithms;randomValuesAndSizes;bruteforce;12;0.777346ms
compare_algorithms;randomValuesAndSizes;bruteforce;12;0.778314ms
compare_algorithms;randomValuesAndSizes;bruteforce;12;0.779576ms
compare_algorithms;randomValuesAndSizes;bruteforce;12;0.772228ms
compare_algorithms;randomValuesAndSizes;bruteforce;12;0.771659ms
compare_algorithms;randomValuesAndSizes;bruteforce;12;0.792965ms
compare_algorithms;randomValuesAndSizes;bruteforce;12;0.77773ms
compare_algorithms;randomValuesAndSizes;bruteforce;12;0.768981ms
compare_algorithms;randomValuesAndSizes;bruteforce;12;0.775804ms
compare_algorithms;randomValuesAndSizes;bruteforce;12;0.779317ms
compare_algorithms;randomValuesAndSizes;bruteforce;12;0.768324ms
compare_algorithms;randomValuesAndSizes;bruteforce;12;0.811582ms
compare_algorithms;randomValuesAndSizes;bruteforce;12;0.775954ms
compare_algorithms;randomValuesAndSizes;bruteforce;12;0.777756ms
compare_algorithms;randomValuesAndSizes;bruteforce;12;0.77875ms
compare_algorithms;randomValuesAndSizes;bruteforce;12;0.770781ms
compare_algorithms;randomValuesAndSizes;bruteforce;12;0.795121ms
compare_algorithms;randomValuesAndSizes;bruteforce;12;0.769548ms
compare_algorithms;randomValuesAndSizes;bruteforce;12;0.770117ms
compare_algorithms;randomValuesAndSizes;bruteforce;12;0.771611ms
compare_algorithms;randomValuesAndSizes;bruteforce;12;0.77708ms
compare_algorithms;randomValuesAndSizes;bruteforce;12;0.778457ms
compare_algorithms;randomValuesAndSizes;bruteforce;12;0.779897ms
compare_algorithms;randomValuesAndSizes;bruteforce;12;0.77864ms
compare_algorithms;randomValuesAndSizes;bruteforce;12;0.769143ms
compare_algorithms;randomValuesAndSizes;bruteforce;12;0.767087ms
compare_algorithms;randomValuesAndSizes;bruteforce;12;0.783362ms
compare_algorithms;randomValuesAndSizes;bruteforce;12;0.771806ms
compare_algorithms;randomValuesAndSizes;bruteforce;12;0.777282ms
compare_algorithms;randomValuesAndSizes;bruteforce;12;0.778922ms
compare_algorithms;randomValuesAndSizes;bruteforce;12;0.770459ms
compare_algorithms;randomValuesAndSizes;bruteforce;12;0.772985ms
compare_algorithms;randomValuesAndSizes;bruteforce;13;1.59652ms
compare_algorithms;randomValuesAndSizes;bruteforce;13;1.61597ms
compare_algorithms;randomValuesAndSizes;bruteforce;13;1.61862ms
compare_algorithms;randomValuesAndSizes;bruteforce;13;1.60831ms
compare_algorithms;randomValuesAndSizes;bruteforce;13;1.62181ms
compare_algorithms;randomValuesAndSizes;bruteforce;13;1.61475ms
compare_algorithms;randomValuesAndSizes;bruteforce;13;1.60528ms
compare_algorithms;randomValuesAndSizes;bruteforce;13;1.62366ms
compare_algorithms;randomValuesAndSizes;bruteforce;13;1.60915ms
compare_algorithms;randomValuesAndSizes;bruteforce;13;1.60537ms
compare_algorithms;randomValuesAndSizes;bruteforce;13;1.62441ms
compare_algorithms;randomValuesAndSizes;bruteforce;13;1.60451ms
compare_algorithms;randomValuesAndSizes;bruteforce;13;1.59722ms
compare_algorithms;randomValuesAndSizes;bruteforce;13;1.62647ms
compare_algorithms;randomValuesAndSizes;bruteforce;13;1.60627ms
compare_algorithms;randomValuesAndSizes;bruteforce;13;1.60967ms
compare_algorithms;randomValuesAndSizes;bruteforce;13;1.61208ms
compare_algorithms;randomValuesAndSizes;bruteforce;13;1.62597ms
compare_algorithms;randomValuesAndSizes;bruteforce;13;1.61442ms
compare_algorithms;randomValuesAndSizes;bruteforce;13;1.60594ms
compare_algorithms;randomValuesAndSizes;bruteforce;13;1.60559ms
compare_algorithms;randomValuesAndSizes;bruteforce;13;1.60452ms
compare_algorithms;randomValuesAndSizes;bruteforce;13;1.59366ms
compare_algorithms;randomValuesAndSizes;bruteforce;13;1.63151ms
compare_algorithms;randomValuesAndSizes;bruteforce;13;1.63042ms
compare_algorithms;randomValuesAndSizes;bruteforce;13;1.61397ms
compare_algorithms;randomValuesAndSizes;bruteforce;13;1.62577ms
compare_algorithms;randomValuesAndSizes;bruteforce;13;1.60306ms
compare_algorithms;randomValuesAndSizes;bruteforce;13;1.61899ms
compare_algorithms;randomValuesAndSizes;bruteforce;13;1.63476ms
compare_algorithms;randomValuesAndSizes;bruteforce;13;1.60882ms
compare_algorithms;randomValuesAndSizes;bruteforce;13;1.60706ms
compare_algorithms;randomValuesAndSizes;bruteforce;13;1.61979ms
compare_algorithms;randomValuesAndSizes;bruteforce;13;1.60303ms
compare_algorithms;randomValuesAndSizes;bruteforce;13;1.61716ms
compare_algorithms;randomValuesAndSizes;bruteforce;13;1.62852ms
compare_algorithms;randomValuesAndSizes;bruteforce;13;1.62055ms
compare_algorithms;randomValuesAndSizes;bruteforce;13;1.62371ms
compare_algorithms;randomValuesAndSizes;bruteforce;13;1.66871ms
compare_algorithms;randomValuesAndSizes;bruteforce;13;1.61346ms
compare_algorithms;randomValuesAndSizes;bruteforce;13;1.63074ms
compare_algorithms;randomValuesAndSizes;bruteforce;13;1.59948ms
compare_algorithms;randomValuesAndSizes;bruteforce;13;1.61807ms
compare_algorithms;randomValuesAndSizes;bruteforce;13;1.6436ms
compare_algorithms;randomValuesAndSizes;bruteforce;13;1.60354ms
compare_algorithms;randomValuesAndSizes;bruteforce;13;1.60677ms
compare_algorithms;randomValuesAndSizes;bruteforce;13;1.60912ms
compare_algorithms;randomValuesAndSizes;bruteforce;13;1.60552ms
compare_algorithms;randomValuesAndSizes;bruteforce;13;1.60383ms
compare_algorithms;randomValuesAndSizes;bruteforce;13;1.60398ms
compare_algorithms;randomValuesAndSizes;bruteforce;14;3.32657ms
compare_algorithms;randomValuesAndSizes;bruteforce;14;3.34919ms
compare_algorithms;randomValuesAndSizes;bruteforce;14;3.32902ms
compare_algorithms;randomValuesAndSizes;bruteforce;14;3.32422ms
compare_algorithms;randomValuesAndSizes;bruteforce;14;3.33044ms
compare_algorithms;randomValuesAndSizes;bruteforce;14;3.36238ms
compare_algorithms;randomValuesAndSizes;bruteforce;14;3.31502ms
compare_algorithms;randomValuesAndSizes;bruteforce;14;3.34278ms
compare_algorithms;randomValuesAndSizes;bruteforce;14;3.3297ms
compare_algorithms;randomValuesAndSizes;bruteforce;14;3.33949ms
compare_algorithms;randomValuesAndSizes;bruteforce;14;3.31876ms
compare_algorithms;randomValuesAndSizes;bruteforce;14;3.3238ms
compare_algorithms;randomValuesAndSizes;bruteforce;14;3.31599ms
compare_algorithms;randomValuesAndSizes;bruteforce;14;3.32443ms
compare_algorithms;randomValuesAndSizes;bruteforce;14;3.36623ms
compare_algorithms;randomValuesAndSizes;bruteforce;14;3.32786ms
compare_algorithms;randomValuesAndSizes;bruteforce;14;3.37259ms
compare_algorithms;randomValuesAndSizes;bruteforce;14;3.36981ms
compare_algorithms;randomValuesAndSizes;bruteforce;14;3.34022ms
compare_algorithms;randomValuesAndSizes;bruteforce;14;3.33366ms
compare_algorithms;randomValuesAndSizes;bruteforce;14;3.39097ms
compare_algorithms;randomValuesAndSizes;bruteforce;14;3.32214ms
compare_algorithms;randomValuesAndSizes;bruteforce;14;3.3313ms
compare_algorithms;randomValuesAndSizes;bruteforce;14;3.32086ms
compare_algorithms;randomValuesAndSizes;bruteforce;14;3.34513ms
compare_algorithms;randomValuesAndSizes;bruteforce;14;3.34486ms
compare_algorithms;randomValuesAndSizes;bruteforce;14;3.71818ms
compare_algorithms;randomValuesAndSizes;bruteforce;14;3.34771ms
compare_algorithms;randomValuesAndSizes;bruteforce;14;3.37395ms
compare_algorithms;randomValuesAndSizes;bruteforce;14;3.33891ms
compare_algorithms;randomValuesAndSizes;bruteforce;14;3.33298ms
compare_algorithms;randomValuesAndSizes;bruteforce;14;3.33405ms
compare_algorithms;randomValuesAndSizes;bruteforce;14;3.3836ms
compare_algorithms;randomValuesAndSizes;bruteforce;14;3.37259ms
compare_algorithms;randomValuesAndSizes;bruteforce;14;3.35567ms
compare_algorithms;randomValuesAndSizes;bruteforce;14;3.33949ms
compare_algorithms;randomValuesAndSizes;bruteforce;14;3.50997ms
compare_algorithms;randomValuesAndSizes;bruteforce;14;3.86942ms
compare_algorithms;randomValuesAndSizes;bruteforce;14;3.70204ms
compare_algorithms;randomValuesAndSizes;bruteforce;14;3.60185ms
compare_algorithms;randomValuesAndSizes;bruteforce;14;3.61566ms
compare_algorithms;randomValuesAndSizes;bruteforce;14;3.67679ms
compare_algorithms;randomValuesAndSizes;bruteforce;14;3.60499ms
compare_algorithms;randomValuesAndSizes;bruteforce;14;3.59971ms
compare_algorithms;randomValuesAndSizes;bruteforce;14;3.60683ms
compare_algorithms;randomValuesAndSizes;bruteforce;14;3.6507ms
compare_algorithms;randomValuesAndSizes;bruteforce;14;3.63542ms
compare_algorithms;randomValuesAndSizes;bruteforce;14;3.5898ms
compare_algorithms;randomValuesAndSizes;bruteforce;14;3.68456ms
compare_algorithms;randomValuesAndSizes;bruteforce;14;4.05712ms
compare_algorithms;randomValuesAndSizes;bruteforce;15;7.47875ms
compare_algorithms;randomValuesAndSizes;bruteforce;15;8.02639ms
compare_algorithms;randomValuesAndSizes;bruteforce;15;7.49176ms
compare_algorithms;randomValuesAndSizes;bruteforce;15;6.97336ms
compare_algorithms;randomValuesAndSizes;bruteforce;15;7.10914ms
compare_algorithms;randomValuesAndSizes;bruteforce;15;6.97103ms
compare_algorithms;randomValuesAndSizes;bruteforce;15;6.97569ms
compare_algorithms;randomValuesAndSizes;bruteforce;15;6.95189ms
compare_algorithms;randomValuesAndSizes;bruteforce;15;6.9445ms
compare_algorithms;randomValuesAndSizes;bruteforce;15;6.89672ms
compare_algorithms;randomValuesAndSizes;bruteforce;15;6.91632ms
compare_algorithms;randomValuesAndSizes;bruteforce;15;6.87649ms
compare_algorithms;randomValuesAndSizes;bruteforce;15;6.92418ms
compare_algorithms;randomValuesAndSizes;bruteforce;15;6.89807ms
compare_algorithms;randomValuesAndSizes;bruteforce;15;6.88859ms
compare_algorithms;randomValuesAndSizes;bruteforce;15;6.89969ms
compare_algorithms;randomValuesAndSizes;bruteforce;15;6.95608ms
compare_algorithms;randomValuesAndSizes;bruteforce;15;6.87824ms
compare_algorithms;randomValuesAndSizes;bruteforce;15;6.93499ms
compare_algorithms;randomValuesAndSizes;bruteforce;15;6.89095ms
compare_algorithms;randomValuesAndSizes;bruteforce;15;6.91079ms
compare_algorithms;randomValuesAndSizes;bruteforce;15;6.92726ms
compare_algorithms;randomValuesAndSizes;bruteforce;15;6.88601ms
compare_algorithms;randomValuesAndSizes;bruteforce;15;6.88939ms
compare_algorithms;randomValuesAndSizes;bruteforce;15;6.89077ms
compare_algorithms;randomValuesAndSizes;bruteforce;15;6.88658ms
compare_algorithms;randomValuesAndSizes;bruteforce;15;6.86706ms
compare_algorithms;randomValuesAndSizes;bruteforce;15;6.85744ms
compare_algorithms;randomValuesAndSizes;bruteforce;15;6.92078ms
compare_algorithms;randomValuesAndSizes;bruteforce;15;6.85935ms
compare_algorithms;randomValuesAndSizes;bruteforce;15;6.88141ms
compare_algorithms;randomValuesAndSizes;bruteforce;15;6.91753ms
compare_algorithms;randomValuesAndSizes;bruteforce;15;6.86515ms
compare_algorithms;randomValuesAndSizes;bruteforce;15;6.89396ms
compare_algorithms;randomValuesAndSizes;bruteforce;15;6.87053ms
compare_algorithms;randomValuesAndSizes;bruteforce;15;6.91421ms
compare_algorithms;randomValuesAndSizes;bruteforce;15;6.87946ms
compare_algorithms;randomValuesAndSizes;bruteforce;15;6.88546ms
compare_algorithms;randomValuesAndSizes;bruteforce;15;6.8759ms
compare_algorithms;randomValuesAndSizes;bruteforce;15;6.91148ms
compare_algorithms;randomValuesAndSizes;bruteforce;15;6.90771ms
compare_algorithms;randomValuesAndSizes;bruteforce;15;6.91082ms
compare_algorithms;randomValuesAndSizes;bruteforce;15;6.91095ms
compare_algorithms;randomValuesAndSizes;bruteforce;15;6.89619ms
compare_algorithms;randomValuesAndSizes;bruteforce;15;6.85723ms
compare_algorithms;randomValuesAndSizes;bruteforce;15;6.87928ms
compare_algorithms;randomValuesAndSizes;bruteforce;15;6.8691ms
compare_algorithms;randomValuesAndSizes;bruteforce;15;6.90759ms
compare_algorithms;randomValuesAndSizes;bruteforce;15;6.88433ms
compare_algorithms;randomValuesAndSizes;bruteforce;15;6.89215ms
compare_algorithms;randomValuesAndSizes;bruteforce;16;14.8404ms
compare_algorithms;randomValuesAndSizes;bruteforce;16;14.2364ms
compare_algorithms;randomValuesAndSizes;bruteforce;16;14.2091ms
compare_algorithms;randomValuesAndSizes;bruteforce;16;14.2466ms
compare_algorithms;randomValuesAndSizes;bruteforce;16;14.1899ms
compare_algorithms;randomValuesAndSizes;bruteforce;16;14.23ms
compare_algorithms;randomValuesAndSizes;bruteforce;16;14.2687ms
compare_algorithms;randomValuesAndSizes;bruteforce;16;14.2584ms
compare_algorithms;randomValuesAndSizes;bruteforce;16;14.1901ms
compare_algorithms;randomValuesAndSizes;bruteforce;16;14.2083ms
compare_algorithms;randomValuesAndSizes;bruteforce;16;14.2452ms
compare_algorithms;randomValuesAndSizes;bruteforce;16;14.2498ms
compare_algorithms;randomValuesAndSizes;bruteforce;16;14.2453ms
compare_algorithms;randomValuesAndSizes;bruteforce;16;14.2463ms
compare_algorithms;randomValuesAndSizes;bruteforce;16;14.2138ms
compare_algorithms;randomValuesAndSizes;bruteforce;16;14.2028ms
compare_algorithms;randomValuesAndSizes;bruteforce;16;14.2649ms
compare_algorithms;randomValuesAndSizes;bruteforce;16;14.2041ms
compare_algorithms;randomValuesAndSizes;bruteforce;16;14.2194ms
compare_algorithms;randomValuesAndSizes;bruteforce;16;14.1935ms
compare_algorithms;randomValuesAndSizes;bruteforce;16;14.3049ms
compare_algorithms;randomValuesAndSizes;bruteforce;16;14.213ms
compare_algorithms;randomValuesAndSizes;bruteforce;16;14.2031ms
compare_algorithms;randomValuesAndSizes;bruteforce;16;14.2161ms
compare_algorithms;randomValuesAndSizes;bruteforce;16;14.1949ms
compare_algorithms;randomValuesAndSizes;bruteforce;16;14.2213ms
compare_algorithms;randomValuesAndSizes;bruteforce;16;14.1934ms
compare_algorithms;randomValuesAndSizes;bruteforce;16;14.214ms
compare_algorithms;randomValuesAndSizes;bruteforce;16;14.2731ms
compare_algorithms;randomValuesAndSizes;bruteforce;16;14.2751ms
compare_algorithms;randomValuesAndSizes;bruteforce;16;14.2075ms
compare_algorithms;randomValuesAndSizes;bruteforce;16;14.227ms
compare_algorithms;randomValuesAndSizes;bruteforce;16;14.2293ms
compare_algorithms;randomValuesAndSizes;bruteforce;16;14.3294ms
compare_algorithms;randomValuesAndSizes;bruteforce;16;14.2736ms
compare_algorithms;randomValuesAndSizes;bruteforce;16;14.2268ms
compare_algorithms;randomValuesAndSizes;bruteforce;16;14.2263ms
compare_algorithms;randomValuesAndSizes;bruteforce;16;14.2917ms
compare_algorithms;randomValuesAndSizes;bruteforce;16;14.1403ms
compare_algorithms;randomValuesAndSizes;bruteforce;16;14.3164ms
compare_algorithms;randomValuesAndSizes;bruteforce;16;14.1777ms
compare_algorithms;randomValuesAndSizes;bruteforce;16;14.237ms
compare_algorithms;randomValuesAndSizes;bruteforce;16;14.2229ms
compare_algorithms;randomValuesAndSizes;bruteforce;16;14.228ms
compare_algorithms;randomValuesAndSizes;bruteforce;16;14.1673ms
compare_algorithms;randomValuesAndSizes;bruteforce;16;14.242ms
compare_algorithms;randomValuesAndSizes;bruteforce;16;14.2001ms
compare_algorithms;randomValuesAndSizes;bruteforce;16;14.3928ms
compare_algorithms;randomValuesAndSizes;bruteforce;16;14.1739ms
compare_algorithms;randomValuesAndSizes;bruteforce;16;14.2405ms
compare_algorithms;randomValuesAndSizes;bruteforce;17;29.4093ms
compare_algorithms;randomValuesAndSizes;bruteforce;17;29.4168ms
compare_algorithms;randomValuesAndSizes;bruteforce;17;29.2949ms
compare_algorithms;randomValuesAndSizes;bruteforce;17;29.4061ms
compare_algorithms;randomValuesAndSizes;bruteforce;17;29.3427ms
compare_algorithms;randomValuesAndSizes;bruteforce;17;29.4069ms
compare_algorithms;randomValuesAndSizes;bruteforce;17;29.3596ms
compare_algorithms;randomValuesAndSizes;bruteforce;17;29.4339ms
compare_algorithms;randomValuesAndSizes;bruteforce;17;29.4441ms
compare_algorithms;randomValuesAndSizes;bruteforce;17;29.4824ms
compare_algorithms;randomValuesAndSizes;bruteforce;17;29.3821ms
compare_algorithms;randomValuesAndSizes;bruteforce;17;29.3778ms
compare_algorithms;randomValuesAndSizes;bruteforce;17;29.3804ms
compare_algorithms;randomValuesAndSizes;bruteforce;17;29.3137ms
compare_algorithms;randomValuesAndSizes;bruteforce;17;29.3795ms
compare_algorithms;randomValuesAndSizes;bruteforce;17;29.4058ms
compare_algorithms;randomValuesAndSizes;bruteforce;17;29.4859ms
compare_algorithms;randomValuesAndSizes;bruteforce;17;29.3734ms
compare_algorithms;randomValuesAndSizes;bruteforce;17;29.3483ms
compare_algorithms;randomValuesAndSizes;bruteforce;17;29.35ms
compare_algorithms;randomValuesAndSizes;bruteforce;17;29.3585ms
compare_algorithms;randomValuesAndSizes;bruteforce;17;29.3185ms
compare_algorithms;randomValuesAndSizes;bruteforce;17;29.2727ms
compare_algorithms;randomValuesAndSizes;bruteforce;17;29.3411ms
compare_algorithms;randomValuesAndSizes;bruteforce;17;29.2919ms
compare_algorithms;randomValuesAndSizes;bruteforce;17;29.2562ms
compare_algorithms;randomValuesAndSizes;bruteforce;17;29.5026ms
compare_algorithms;randomValuesAndSizes;bruteforce;17;29.3353ms
compare_algorithms;randomValuesAndSizes;bruteforce;17;29.284ms
compare_algorithms;randomValuesAndSizes;bruteforce;17;29.4981ms
compare_algorithms;randomValuesAndSizes;bruteforce;17;29.3491ms
compare_algorithms;randomValuesAndSizes;bruteforce;17;29.2677ms
compare_algorithms;randomValuesAndSizes;bruteforce;17;29.3011ms
compare_algorithms;randomValuesAndSizes;bruteforce;17;29.3419ms
compare_algorithms;randomValuesAndSizes;bruteforce;17;29.3921ms
compare_algorithms;randomValuesAndSizes;bruteforce;17;29.2956ms
compare_algorithms;randomValuesAndSizes;bruteforce;17;29.3248ms
compare_algorithms;randomValuesAndSizes;bruteforce;17;29.2621ms
compare_algorithms;randomValuesAndSizes;bruteforce;17;29.2644ms
compare_algorithms;randomValuesAndSizes;bruteforce;17;29.3724ms
compare_algorithms;randomValuesAndSizes;bruteforce;17;29.3248ms
compare_algorithms;randomValuesAndSizes;bruteforce;17;29.4013ms
compare_algorithms;randomValuesAndSizes;bruteforce;17;29.4991ms
compare_algorithms;randomValuesAndSizes;bruteforce;17;29.4582ms
compare_algorithms;randomValuesAndSizes;bruteforce;17;29.2881ms
compare_algorithms;randomValuesAndSizes;bruteforce;17;29.308ms
compare_algorithms;randomValuesAndSizes;bruteforce;17;29.8335ms
compare_algorithms;randomValuesAndSizes;bruteforce;17;31.4137ms
compare_algorithms;randomValuesAndSizes;bruteforce;17;31.4595ms
compare_algorithms;randomValuesAndSizes;bruteforce;17;31.4084ms
compare_algorithms;randomValuesAndSizes;bruteforce;18;64.9476ms
compare_algorithms;randomValuesAndSizes;bruteforce;18;64.713ms
compare_algorithms;randomValuesAndSizes;bruteforce;18;63.0468ms
compare_algorithms;randomValuesAndSizes;bruteforce;18;60.3662ms
compare_algorithms;randomValuesAndSizes;bruteforce;18;60.7673ms
compare_algorithms;randomValuesAndSizes;bruteforce;18;60.9651ms
compare_algorithms;randomValuesAndSizes;bruteforce;18;60.9255ms
compare_algorithms;randomValuesAndSizes;bruteforce;18;60.4158ms
compare_algorithms;randomValuesAndSizes;bruteforce;18;60.3805ms
compare_algorithms;randomValuesAndSizes;bruteforce;18;60.4767ms
compare_algorithms;randomValuesAndSizes;bruteforce;18;60.4544ms
compare_algorithms;randomValuesAndSizes;bruteforce;18;60.4488ms
compare_algorithms;randomValuesAndSizes;bruteforce;18;60.6408ms
compare_algorithms;randomValuesAndSizes;bruteforce;18;60.6063ms
compare_algorithms;randomValuesAndSizes;bruteforce;18;60.3633ms
compare_algorithms;randomValuesAndSizes;bruteforce;18;61.1494ms
compare_algorithms;randomValuesAndSizes;bruteforce;18;60.4573ms
compare_algorithms;randomValuesAndSizes;bruteforce;18;60.4381ms
compare_algorithms;randomValuesAndSizes;bruteforce;18;60.7578ms
compare_algorithms;randomValuesAndSizes;bruteforce;18;61.6484ms
compare_algorithms;randomValuesAndSizes;bruteforce;18;64.846ms
compare_algorithms;randomValuesAndSizes;bruteforce;18;65.2644ms
compare_algorithms;randomValuesAndSizes;bruteforce;18;64.429ms
compare_algorithms;randomValuesAndSizes;bruteforce;18;60.6258ms
compare_algorithms;randomValuesAndSizes;bruteforce;18;61.1319ms
compare_algorithms;randomValuesAndSizes;bruteforce;18;68.172ms
compare_algorithms;randomValuesAndSizes;bruteforce;18;63.6701ms
compare_algorithms;randomValuesAndSizes;bruteforce;18;61.61ms
compare_algorithms;randomValuesAndSizes;bruteforce;18;60.6082ms
compare_algorithms;randomValuesAndSizes;bruteforce;18;60.4849ms
compare_algorithms;randomValuesAndSizes;bruteforce;18;60.5296ms
compare_algorithms;randomValuesAndSizes;bruteforce;18;60.4608ms
compare_algorithms;randomValuesAndSizes;bruteforce;18;60.6389ms
compare_algorithms;randomValuesAndSizes;bruteforce;18;60.5447ms
compare_algorithms;randomValuesAndSizes;bruteforce;18;60.4232ms
compare_algorithms;randomValuesAndSizes;bruteforce;18;60.5228ms
compare_algorithms;randomValuesAndSizes;bruteforce;18;60.5131ms
compare_algorithms;randomValuesAndSizes;bruteforce;18;60.5177ms
compare_algorithms;randomValuesAndSizes;bruteforce;18;60.6706ms
compare_algorithms;randomValuesAndSizes;bruteforce;18;60.5329ms
compare_algorithms;randomValuesAndSizes;bruteforce;18;60.5274ms
compare_algorithms;randomValuesAndSizes;bruteforce;18;60.5522ms
compare_algorithms;randomValuesAndSizes;bruteforce;18;60.8481ms
compare_algorithms;randomValuesAndSizes;bruteforce;18;60.4469ms
compare_algorithms;randomValuesAndSizes;bruteforce;18;60.632ms
compare_algorithms;randomValuesAndSizes;bruteforce;18;60.5694ms
compare_algorithms;randomValuesAndSizes;bruteforce;18;60.4054ms
compare_algorithms;randomValuesAndSizes;bruteforce;18;60.574ms
compare_algorithms;randomValuesAndSizes;bruteforce;18;63.4688ms
compare_algorithms;randomValuesAndSizes;bruteforce;18;60.4117ms
compare_algorithms;randomValuesAndSizes;bruteforce;19;125.356ms
compare_algorithms;randomValuesAndSizes;bruteforce;19;125.146ms
compare_algorithms;randomValuesAndSizes;bruteforce;19;124.769ms
compare_algorithms;randomValuesAndSizes;bruteforce;19;124.756ms
compare_algorithms;randomValuesAndSizes;bruteforce;19;125.016ms
compare_algorithms;randomValuesAndSizes;bruteforce;19;124.652ms
compare_algorithms;randomValuesAndSizes;bruteforce;19;124.88ms
compare_algorithms;randomValuesAndSizes;bruteforce;19;124.663ms
compare_algorithms;randomValuesAndSizes;bruteforce;19;124.886ms
compare_algorithms;randomValuesAndSizes;bruteforce;19;124.804ms
compare_algorithms;randomValuesAndSizes;bruteforce;19;124.691ms
compare_algorithms;randomValuesAndSizes;bruteforce;19;124.862ms
compare_algorithms;randomValuesAndSizes;bruteforce;19;124.669ms
compare_algorithms;randomValuesAndSizes;bruteforce;19;125.259ms
compare_algorithms;randomValuesAndSizes;bruteforce;19;124.577ms
compare_algorithms;randomValuesAndSizes;bruteforce;19;124.822ms
compare_algorithms;randomValuesAndSizes;bruteforce;19;124.663ms
compare_algorithms;randomValuesAndSizes;bruteforce;19;125.589ms
compare_algorithms;randomValuesAndSizes;bruteforce;19;124.689ms
compare_algorithms;randomValuesAndSizes;bruteforce;19;124.821ms
compare_algorithms;randomValuesAndSizes;bruteforce;19;124.678ms
compare_algorithms;randomValuesAndSizes;bruteforce;19;125.319ms
compare_algorithms;randomValuesAndSizes;bruteforce;19;125.13ms
compare_algorithms;randomValuesAndSizes;bruteforce;19;126.041ms
compare_algorithms;randomValuesAndSizes;bruteforce;19;126.687ms
compare_algorithms;randomValuesAndSizes;bruteforce;19;125.926ms
compare_algorithms;randomValuesAndSizes;bruteforce;19;126.485ms
compare_algorithms;randomValuesAndSizes;bruteforce;19;125.948ms
compare_algorithms;randomValuesAndSizes;bruteforce;19;125.251ms
compare_algorithms;randomValuesAndSizes;bruteforce;19;124.948ms
compare_algorithms;randomValuesAndSizes;bruteforce;19;124.59ms
compare_algorithms;randomValuesAndSizes;bruteforce;19;125.035ms
compare_algorithms;randomValuesAndSizes;bruteforce;19;124.856ms
compare_algorithms;randomValuesAndSizes;bruteforce;19;124.826ms
compare_algorithms;randomValuesAndSizes;bruteforce;19;124.716ms
compare_algorithms;randomValuesAndSizes;bruteforce;19;124.534ms
compare_algorithms;randomValuesAndSizes;bruteforce;19;125.278ms
compare_algorithms;randomValuesAndSizes;bruteforce;19;124.979ms
compare_algorithms;randomValuesAndSizes;bruteforce;19;124.696ms
compare_algorithms;randomValuesAndSizes;bruteforce;19;124.638ms
compare_algorithms;randomValuesAndSizes;bruteforce;19;124.873ms
compare_algorithms;randomValuesAndSizes;bruteforce;19;124.996ms
compare_algorithms;randomValuesAndSizes;bruteforce;19;124.846ms
compare_algorithms;randomValuesAndSizes;bruteforce;19;124.887ms
compare_algorithms;randomValuesAndSizes;bruteforce;19;125.004ms
compare_algorithms;randomValuesAndSizes;bruteforce;19;125.165ms
compare_algorithms;randomValuesAndSizes;bruteforce;19;125.027ms
compare_algorithms;randomValuesAndSizes;bruteforce;19;124.667ms
compare_algorithms;randomValuesAndSizes;bruteforce;19;124.744ms
compare_algorithms;randomValuesAndSizes;bruteforce;19;125.008ms
compare_algorithms;randomValuesAndSizes;bruteforce;20;257.747ms
compare_algorithms;randomValuesAndSizes;bruteforce;20;258.781ms
compare_algorithms;randomValuesAndSizes;bruteforce;20;259.478ms
compare_algorithms;randomValuesAndSizes;bruteforce;20;262.092ms
compare_algorithms;randomValuesAndSizes;bruteforce;20;259.227ms
compare_algorithms;randomValuesAndSizes;bruteforce;20;257.841ms
compare_algorithms;randomValuesAndSizes;bruteforce;20;257.777ms
compare_algorithms;randomValuesAndSizes;bruteforce;20;263.148ms
compare_algorithms;randomValuesAndSizes;bruteforce;20;257.762ms
compare_algorithms;randomValuesAndSizes;bruteforce;20;260.993ms
compare_algorithms;randomValuesAndSizes;bruteforce;20;259.22ms
compare_algorithms;randomValuesAndSizes;bruteforce;20;258.453ms
compare_algorithms;randomValuesAndSizes;bruteforce;20;258.033ms
compare_algorithms;randomValuesAndSizes;bruteforce;20;261.115ms
compare_algorithms;randomValuesAndSizes;bruteforce;20;264.931ms
compare_algorithms;randomValuesAndSizes;bruteforce;20;258.183ms
compare_algorithms;randomValuesAndSizes;bruteforce;20;257.124ms
compare_algorithms;randomValuesAndSizes;bruteforce;20;258.487ms
compare_algorithms;randomValuesAndSizes;bruteforce;20;258.579ms
compare_algorithms;randomValuesAndSizes;bruteforce;20;270.176ms
compare_algorithms;randomValuesAndSizes;bruteforce;20;264.597ms
compare_algorithms;randomValuesAndSizes;bruteforce;20;268.385ms
compare_algorithms;randomValuesAndSizes;bruteforce;20;266.46ms
compare_algorithms;randomValuesAndSizes;bruteforce;20;266.256ms
compare_algorithms;randomValuesAndSizes;bruteforce;20;265.591ms
compare_algorithms;randomValuesAndSizes;bruteforce;20;270.474ms
compare_algorithms;randomValuesAndSizes;bruteforce;20;271.017ms
compare_algorithms;randomValuesAndSizes;bruteforce;20;270.893ms
compare_algorithms;randomValuesAndSizes;bruteforce;20;266.474ms
compare_algorithms;randomValuesAndSizes;bruteforce;20;257.801ms
compare_algorithms;randomValuesAndSizes;bruteforce;20;264.453ms
compare_algorithms;randomValuesAndSizes;bruteforce;20;266.238ms
compare_algorithms;randomValuesAndSizes;bruteforce;20;265.44ms
compare_algorithms;randomValuesAndSizes;bruteforce;20;258.981ms
compare_algorithms;randomValuesAndSizes;bruteforce;20;257.977ms
compare_algorithms;randomValuesAndSizes;bruteforce;20;257.883ms
compare_algorithms;randomValuesAndSizes;bruteforce;20;258.077ms
compare_algorithms;randomValuesAndSizes;bruteforce;20;269.235ms
compare_algorithms;randomValuesAndSizes;bruteforce;20;266.355ms
compare_algorithms;randomValuesAndSizes;bruteforce;20;276.912ms
compare_algorithms;randomValuesAndSizes;bruteforce;20;268.863ms
compare_algorithms;randomValuesAndSizes;bruteforce;20;275.958ms
compare_algorithms;randomValuesAndSizes;bruteforce;20;266.76ms
compare_algorithms;randomValuesAndSizes;bruteforce;20;273.889ms
compare_algorithms;randomValuesAndSizes;bruteforce;20;270.075ms
compare_algorithms;randomValuesAndSizes;bruteforce;20;268.455ms
compare_algorithms;randomValuesAndSizes;bruteforce;20;272.46ms
compare_algorithms;randomValuesAndSizes;bruteforce;20;266.504ms
compare_algorithms;randomValuesAndSizes;bruteforce;20;267.66ms
compare_algorithms;randomValuesAndSizes;bruteforce;20;260.731ms
compare_algorithms;randomValuesAndSizes;bruteforce;21;534.736ms
compare_algorithms;randomValuesAndSizes;bruteforce;21;531.687ms
compare_algorithms;randomValuesAndSizes;bruteforce;21;529.767ms
compare_algorithms;randomValuesAndSizes;bruteforce;21;529.392ms
compare_algorithms;randomValuesAndSizes;bruteforce;21;529.447ms
compare_algorithms;randomValuesAndSizes;bruteforce;21;529.185ms
compare_algorithms;randomValuesAndSizes;bruteforce;21;529.224ms
compare_algorithms;randomValuesAndSizes;bruteforce;21;529.108ms
compare_algorithms;randomValuesAndSizes;bruteforce;21;528.733ms
compare_algorithms;randomValuesAndSizes;bruteforce;21;529.286ms
compare_algorithms;randomValuesAndSizes;bruteforce;21;528.912ms
compare_algorithms;randomValuesAndSizes;bruteforce;21;529.901ms
compare_algorithms;randomValuesAndSizes;bruteforce;21;529.121ms
compare_algorithms;randomValuesAndSizes;bruteforce;21;529.594ms
compare_algorithms;randomValuesAndSizes;bruteforce;21;531.585ms
compare_algorithms;randomValuesAndSizes;bruteforce;21;529.344ms
compare_algorithms;randomValuesAndSizes;bruteforce;21;528.322ms
compare_algorithms;randomValuesAndSizes;bruteforce;21;529.274ms
compare_algorithms;randomValuesAndSizes;bruteforce;21;529.221ms
compare_algorithms;randomValuesAndSizes;bruteforce;21;530.257ms
compare_algorithms;randomValuesAndSizes;bruteforce;21;528.785ms
compare_algorithms;randomValuesAndSizes;bruteforce;21;534.085ms
compare_algorithms;randomValuesAndSizes;bruteforce;21;528.464ms
compare_algorithms;randomValuesAndSizes;bruteforce;21;529.254ms
compare_algorithms;randomValuesAndSizes;bruteforce;21;529.392ms
compare_algorithms;randomValuesAndSizes;bruteforce;21;529.423ms
compare_algorithms;randomValuesAndSizes;bruteforce;21;529.071ms
compare_algorithms;randomValuesAndSizes;bruteforce;21;531.749ms
compare_algorithms;randomValuesAndSizes;bruteforce;21;528.694ms
compare_algorithms;randomValuesAndSizes;bruteforce;21;528.933ms
compare_algorithms;randomValuesAndSizes;bruteforce;21;528.316ms
compare_algorithms;randomValuesAndSizes;bruteforce;21;528.925ms
compare_algorithms;randomValuesAndSizes;bruteforce;21;528.724ms
compare_algorithms;randomValuesAndSizes;bruteforce;21;528.364ms
compare_algorithms;randomValuesAndSizes;bruteforce;21;528.929ms
compare_algorithms;randomValuesAndSizes;bruteforce;21;528.97ms
compare_algorithms;randomValuesAndSizes;bruteforce;21;528.388ms
compare_algorithms;randomValuesAndSizes;bruteforce;21;528.863ms
compare_algorithms;randomValuesAndSizes;bruteforce;21;529.591ms
compare_algorithms;randomValuesAndSizes;bruteforce;21;528.496ms
compare_algorithms;randomValuesAndSizes;bruteforce;21;529.658ms
compare_algorithms;randomValuesAndSizes;bruteforce;21;529.065ms
compare_algorithms;randomValuesAndSizes;bruteforce;21;529.485ms
compare_algorithms;randomValuesAndSizes;bruteforce;21;536.08ms
compare_algorithms;randomValuesAndSizes;bruteforce;21;534.752ms
compare_algorithms;randomValuesAndSizes;bruteforce;21;536.718ms
compare_algorithms;randomValuesAndSizes;bruteforce;21;532.404ms
compare_algorithms;randomValuesAndSizes;bruteforce;21;531.517ms
compare_algorithms;randomValuesAndSizes;bruteforce;21;533.596ms
compare_algorithms;randomValuesAndSizes;bruteforce;21;529.09ms
compare_algorithms;randomValuesAndSizes;bruteforce;22;1088.99ms
compare_algorithms;randomValuesAndSizes;bruteforce;22;1087.96ms
compare_algorithms;randomValuesAndSizes;bruteforce;22;1092.93ms
compare_algorithms;randomValuesAndSizes;bruteforce;22;1090.03ms
compare_algorithms;randomValuesAndSizes;bruteforce;22;1094.3ms
compare_algorithms;randomValuesAndSizes;bruteforce;22;1087.8ms
compare_algorithms;randomValuesAndSizes;bruteforce;22;1090.36ms
compare_algorithms;randomValuesAndSizes;bruteforce;22;1088.64ms
compare_algorithms;randomValuesAndSizes;bruteforce;22;1087.54ms
compare_algorithms;randomValuesAndSizes;bruteforce;22;1088.91ms
compare_algorithms;randomValuesAndSizes;bruteforce;22;1087.9ms
compare_algorithms;randomValuesAndSizes;bruteforce;22;1092.46ms
compare_algorithms;randomValuesAndSizes;bruteforce;22;1089.04ms
compare_algorithms;randomValuesAndSizes;bruteforce;22;1086.85ms
compare_algorithms;randomValuesAndSizes;bruteforce;22;1095.62ms
compare_algorithms;randomValuesAndSizes;bruteforce;22;1088.12ms
compare_algorithms;randomValuesAndSizes;bruteforce;22;1086.67ms
compare_algorithms;randomValuesAndSizes;bruteforce;22;1086.7ms
compare_algorithms;randomValuesAndSizes;bruteforce;22;1087.34ms
compare_algorithms;randomValuesAndSizes;bruteforce;22;1086.19ms
compare_algorithms;randomValuesAndSizes;bruteforce;22;1086.77ms
compare_algorithms;randomValuesAndSizes;bruteforce;22;1086.12ms
compare_algorithms;randomValuesAndSizes;bruteforce;22;1088.51ms
compare_algorithms;randomValuesAndSizes;bruteforce;22;1088.35ms
compare_algorithms;randomValuesAndSizes;bruteforce;22;1088.37ms
compare_algorithms;randomValuesAndSizes;bruteforce;22;1087.36ms
compare_algorithms;randomValuesAndSizes;bruteforce;22;1087.24ms
compare_algorithms;randomValuesAndSizes;bruteforce;22;1088.91ms
compare_algorithms;randomValuesAndSizes;bruteforce;22;1086.94ms
compare_algorithms;randomValuesAndSizes;bruteforce;22;1087.96ms
compare_algorithms;randomValuesAndSizes;bruteforce;22;1087.16ms
compare_algorithms;randomValuesAndSizes;bruteforce;22;1086.86ms
compare_algorithms;randomValuesAndSizes;bruteforce;22;1088.13ms
compare_algorithms;randomValuesAndSizes;bruteforce;22;1088.08ms
compare_algorithms;randomValuesAndSizes;bruteforce;22;1087.44ms
compare_algorithms;randomValuesAndSizes;bruteforce;22;1087.17ms
compare_algorithms;randomValuesAndSizes;bruteforce;22;1087.11ms
compare_algorithms;randomValuesAndSizes;bruteforce;22;1087.56ms
compare_algorithms;randomValuesAndSizes;bruteforce;22;1087.32ms
compare_algorithms;randomValuesAndSizes;bruteforce;22;1086.87ms
compare_algorithms;randomValuesAndSizes;bruteforce;22;1088.28ms
compare_algorithms;randomValuesAndSizes;bruteforce;22;1088.27ms
compare_algorithms;randomValuesAndSizes;bruteforce;22;1088.03ms
compare_algorithms;randomValuesAndSizes;bruteforce;22;1087.25ms
compare_algorithms;randomValuesAndSizes;bruteforce;22;1088.24ms
compare_algorithms;randomValuesAndSizes;bruteforce;22;1086.72ms
compare_algorithms;randomValuesAndSizes;bruteforce;22;1087.7ms
compare_algorithms;randomValuesAndSizes;bruteforce;22;1086.84ms
compare_algorithms;randomValuesAndSizes;bruteforce;22;1088.45ms
compare_algorithms;randomValuesAndSizes;bruteforce;22;1086.24ms
compare_algorithms;randomValuesAndSizes;bruteforce;23;2234.32ms
compare_algorithms;randomValuesAndSizes;bruteforce;23;2230.38ms
compare_algorithms;randomValuesAndSizes;bruteforce;23;2240.37ms
compare_algorithms;randomValuesAndSizes;bruteforce;23;2248.92ms
compare_algorithms;randomValuesAndSizes;bruteforce;23;2253.41ms
compare_algorithms;randomValuesAndSizes;bruteforce;23;2231.59ms
compare_algorithms;randomValuesAndSizes;bruteforce;23;2274.09ms
compare_algorithms;randomValuesAndSizes;bruteforce;23;2226.07ms
compare_algorithms;randomValuesAndSizes;bruteforce;23;2226.76ms
compare_algorithms;randomValuesAndSizes;bruteforce;23;2227.81ms
compare_algorithms;randomValuesAndSizes;bruteforce;23;2226.33ms
compare_algorithms;randomValuesAndSizes;bruteforce;23;2234.73ms
compare_algorithms;randomValuesAndSizes;bruteforce;23;2232.45ms
compare_algorithms;randomValuesAndSizes;bruteforce;23;2229.28ms
compare_algorithms;randomValuesAndSizes;bruteforce;23;2231.84ms
compare_algorithms;randomValuesAndSizes;bruteforce;23;2231.7ms
compare_algorithms;randomValuesAndSizes;bruteforce;23;2232.12ms
compare_algorithms;randomValuesAndSizes;bruteforce;23;2231.39ms
compare_algorithms;randomValuesAndSizes;bruteforce;23;2232.99ms
compare_algorithms;randomValuesAndSizes;bruteforce;23;2235.65ms
compare_algorithms;randomValuesAndSizes;bruteforce;23;2231.17ms
compare_algorithms;randomValuesAndSizes;bruteforce;23;2233.35ms
compare_algorithms;randomValuesAndSizes;bruteforce;23;2231.8ms
compare_algorithms;randomValuesAndSizes;bruteforce;23;2231.55ms
compare_algorithms;randomValuesAndSizes;bruteforce;23;2230.57ms
compare_algorithms;randomValuesAndSizes;bruteforce;23;2230.19ms
compare_algorithms;randomValuesAndSizes;bruteforce;23;2229.96ms
compare_algorithms;randomValuesAndSizes;bruteforce;23;2228.99ms
compare_algorithms;randomValuesAndSizes;bruteforce;23;2231.06ms
compare_algorithms;randomValuesAndSizes;bruteforce;23;2228.32ms
compare_algorithms;randomValuesAndSizes;bruteforce;23;2233.23ms
compare_algorithms;randomValuesAndSizes;bruteforce;23;2229.03ms
compare_algorithms;randomValuesAndSizes;bruteforce;23;2231.17ms
compare_algorithms;randomValuesAndSizes;bruteforce;23;2230.06ms
compare_algorithms;randomValuesAndSizes;bruteforce;23;2232.67ms
compare_algorithms;randomValuesAndSizes;bruteforce;23;2228.5ms
compare_algorithms;randomValuesAndSizes;bruteforce;23;2230.38ms
compare_algorithms;randomValuesAndSizes;bruteforce;23;2233.65ms
compare_algorithms;randomValuesAndSizes;bruteforce;23;2228.56ms
compare_algorithms;randomValuesAndSizes;bruteforce;23;2231.95ms
compare_algorithms;randomValuesAndSizes;bruteforce;23;2230.47ms
compare_algorithms;randomValuesAndSizes;bruteforce;23;2231.81ms
compare_algorithms;randomValuesAndSizes;bruteforce;23;2230.03ms
compare_algorithms;randomValuesAndSizes;bruteforce;23;2228.38ms
compare_algorithms;randomValuesAndSizes;bruteforce;23;2236.49ms
compare_algorithms;randomValuesAndSizes;bruteforce;23;2226.71ms
compare_algorithms;randomValuesAndSizes;bruteforce;23;2225.07ms
compare_algorithms;randomValuesAndSizes;bruteforce;23;2228.01ms
compare_algorithms;randomValuesAndSizes;bruteforce;23;2227.3ms
compare_algorithms;randomValuesAndSizes;bruteforce;23;2224.59ms
compare_algorithms;randomValuesAndSizes;bruteforce;24;4559.46ms
compare_algorithms;randomValuesAndSizes;bruteforce;24;4565.67ms
compare_algorithms;randomValuesAndSizes;bruteforce;24;4564.96ms
compare_algorithms;randomValuesAndSizes;bruteforce;24;4605.57ms
compare_algorithms;randomValuesAndSizes;bruteforce;24;4596.48ms
compare_algorithms;randomValuesAndSizes;bruteforce;24;4645.22ms
compare_algorithms;randomValuesAndSizes;bruteforce;24;4636.45ms
compare_algorithms;randomValuesAndSizes;bruteforce;24;4629.75ms
compare_algorithms;randomValuesAndSizes;bruteforce;24;4638.93ms
compare_algorithms;randomValuesAndSizes;bruteforce;24;4585.78ms
compare_algorithms;randomValuesAndSizes;bruteforce;24;4577.44ms
compare_algorithms;randomValuesAndSizes;bruteforce;24;4576.51ms
compare_algorithms;randomValuesAndSizes;bruteforce;24;4575.51ms
compare_algorithms;randomValuesAndSizes;bruteforce;24;4577.72ms
compare_algorithms;randomValuesAndSizes;bruteforce;24;4601.61ms
compare_algorithms;randomValuesAndSizes;bruteforce;24;4582.91ms
compare_algorithms;randomValuesAndSizes;bruteforce;24;4579.67ms
compare_algorithms;randomValuesAndSizes;bruteforce;24;4593.94ms
compare_algorithms;randomValuesAndSizes;bruteforce;24;4578.06ms
compare_algorithms;randomValuesAndSizes;bruteforce;24;4574.61ms
compare_algorithms;randomValuesAndSizes;bruteforce;24;4575.24ms
compare_algorithms;randomValuesAndSizes;bruteforce;24;4573.03ms
compare_algorithms;randomValuesAndSizes;bruteforce;24;4581.09ms
compare_algorithms;randomValuesAndSizes;bruteforce;24;4574.83ms
compare_algorithms;randomValuesAndSizes;bruteforce;24;4564.49ms
compare_algorithms;randomValuesAndSizes;bruteforce;24;4568.01ms
compare_algorithms;randomValuesAndSizes;bruteforce;24;4567.35ms
compare_algorithms;randomValuesAndSizes;bruteforce;24;4563.56ms
compare_algorithms;randomValuesAndSizes;bruteforce;24;4566.1ms
compare_algorithms;randomValuesAndSizes;bruteforce;24;4600.97ms
compare_algorithms;randomValuesAndSizes;bruteforce;24;4576.91ms
compare_algorithms;randomValuesAndSizes;bruteforce;24;4583.96ms
compare_algorithms;randomValuesAndSizes;bruteforce;24;4576.43ms
compare_algorithms;randomValuesAndSizes;bruteforce;24;4578.57ms
compare_algorithms;randomValuesAndSizes;bruteforce;24;4575.19ms
compare_algorithms;randomValuesAndSizes;bruteforce;24;4581.08ms
compare_algorithms;randomValuesAndSizes;bruteforce;24;4577.34ms
compare_algorithms;randomValuesAndSizes;bruteforce;24;4575.27ms
compare_algorithms;randomValuesAndSizes;bruteforce;24;4581.79ms
compare_algorithms;randomValuesAndSizes;bruteforce;24;4576.59ms
compare_algorithms;randomValuesAndSizes;bruteforce;24;4591.05ms
compare_algorithms;randomValuesAndSizes;bruteforce;24;4576.48ms
compare_algorithms;randomValuesAndSizes;bruteforce;24;4576.76ms
compare_algorithms;randomValuesAndSizes;bruteforce;24;4597.74ms
compare_algorithms;randomValuesAndSizes;bruteforce;24;4577.18ms
compare_algorithms;randomValuesAndSizes;bruteforce;24;4578.81ms
compare_algorithms;randomValuesAndSizes;bruteforce;24;4579.4ms
compare_algorithms;randomValuesAndSizes;bruteforce;24;4578.64ms
compare_algorithms;randomValuesAndSizes;bruteforce;24;4615.18ms
compare_algorithms;randomValuesAndSizes;bruteforce;24;4643.59ms
compare_algorithms;randomValuesAndSizes;bruteforce;25;9400.43ms
compare_algorithms;randomValuesAndSizes;bruteforce;25;9378.83ms
compare_algorithms;randomValuesAndSizes;bruteforce;25;9374.86ms
compare_algorithms;randomValuesAndSizes;bruteforce;25;9379.87ms
compare_algorithms;randomValuesAndSizes;bruteforce;25;9387.11ms
compare_algorithms;randomValuesAndSizes;bruteforce;25;9373.43ms
compare_algorithms;randomValuesAndSizes;bruteforce;25;9385.4ms
compare_algorithms;randomValuesAndSizes;bruteforce;25;9378.1ms
compare_algorithms;randomValuesAndSizes;bruteforce;25;9383.73ms
compare_algorithms;randomValuesAndSizes;bruteforce;25;9383.07ms
compare_algorithms;randomValuesAndSizes;bruteforce;25;9379.28ms
compare_algorithms;randomValuesAndSizes;bruteforce;25;9367.41ms
compare_algorithms;randomValuesAndSizes;bruteforce;25;9364.7ms
compare_algorithms;randomValuesAndSizes;bruteforce;25;9365.42ms
compare_algorithms;randomValuesAndSizes;bruteforce;25;9371.49ms
compare_algorithms;randomValuesAndSizes;bruteforce;25;9377.13ms
compare_algorithms;randomValuesAndSizes;bruteforce;25;9386.59ms
compare_algorithms;randomValuesAndSizes;bruteforce;25;9386.9ms
compare_algorithms;randomValuesAndSizes;bruteforce;25;9390.1ms
compare_algorithms;randomValuesAndSizes;bruteforce;25;9371ms
compare_algorithms;randomValuesAndSizes;bruteforce;25;9362.76ms
compare_algorithms;randomValuesAndSizes;bruteforce;25;9352.18ms
compare_algorithms;randomValuesAndSizes;bruteforce;25;9364ms
compare_algorithms;randomValuesAndSizes;bruteforce;25;9362.79ms
compare_algorithms;randomValuesAndSizes;bruteforce;25;9361.91ms
compare_algorithms;randomValuesAndSizes;bruteforce;25;9361.33ms
compare_algorithms;randomValuesAndSizes;bruteforce;25;9357.94ms
compare_algorithms;randomValuesAndSizes;bruteforce;25;9362.24ms
compare_algorithms;randomValuesAndSizes;bruteforce;25;9386.3ms
compare_algorithms;randomValuesAndSizes;bruteforce;25;9363.31ms
compare_algorithms;randomValuesAndSizes;bruteforce;25;9362.43ms
compare_algorithms;randomValuesAndSizes;bruteforce;25;9370.27ms
compare_algorithms;randomValuesAndSizes;bruteforce;25;9382.88ms
compare_algorithms;randomValuesAndSizes;bruteforce;25;9377.03ms
compare_algorithms;randomValuesAndSizes;bruteforce;25;9385.05ms
compare_algorithms;randomValuesAndSizes;bruteforce;25;9380.86ms
compare_algorithms;randomValuesAndSizes;bruteforce;25;9382.99ms
compare_algorithms;randomValuesAndSizes;bruteforce;25;9379.86ms
compare_algorithms;randomValuesAndSizes;bruteforce;25;9394.24ms
compare_algorithms;randomValuesAndSizes;bruteforce;25;9364.04ms
compare_algorithms;randomValuesAndSizes;bruteforce;25;9365.93ms
compare_algorithms;randomValuesAndSizes;bruteforce;25;9370.42ms
compare_algorithms;randomValuesAndSizes;bruteforce;25;9361.81ms
compare_algorithms;randomValuesAndSizes;bruteforce;25;9360.52ms
compare_algorithms;randomValuesAndSizes;bruteforce;25;9354.19ms
compare_algorithms;randomValuesAndSizes;bruteforce;25;9359.79ms
compare_algorithms;randomValuesAndSizes;bruteforce;25;9362.44ms
compare_algorithms;randomValuesAndSizes;bruteforce;25;9383.47ms
compare_algorithms;randomValuesAndSizes;bruteforce;25;9385.37ms
compare_algorithms;randomValuesAndSizes;bruteforce;25;9378.94ms
compare_algorithms;randomValuesAndSizes;bruteforce;26;19221.2ms
compare_algorithms;randomValuesAndSizes;bruteforce;26;19284.8ms
compare_algorithms;randomValuesAndSizes;bruteforce;26;19219ms
compare_algorithms;randomValuesAndSizes;bruteforce;26;19189.2ms
compare_algorithms;randomValuesAndSizes;bruteforce;26;19218.9ms
compare_algorithms;randomValuesAndSizes;bruteforce;26;19189.2ms
compare_algorithms;randomValuesAndSizes;bruteforce;26;19204ms
compare_algorithms;randomValuesAndSizes;bruteforce;26;19241.8ms
compare_algorithms;randomValuesAndSizes;bruteforce;26;19216.7ms
compare_algorithms;randomValuesAndSizes;bruteforce;26;19183.9ms
compare_algorithms;randomValuesAndSizes;bruteforce;26;19185.2ms
compare_algorithms;randomValuesAndSizes;bruteforce;26;19190.2ms
compare_algorithms;randomValuesAndSizes;bruteforce;26;19250.1ms
compare_algorithms;randomValuesAndSizes;bruteforce;26;19234.8ms
compare_algorithms;randomValuesAndSizes;bruteforce;26;19249.8ms
compare_algorithms;randomValuesAndSizes;bruteforce;26;19228.7ms
compare_algorithms;randomValuesAndSizes;bruteforce;26;19220.3ms
compare_algorithms;randomValuesAndSizes;bruteforce;26;19220.4ms
compare_algorithms;randomValuesAndSizes;bruteforce;26;19220ms
compare_algorithms;randomValuesAndSizes;bruteforce;26;19220.6ms
compare_algorithms;randomValuesAndSizes;bruteforce;26;19231.7ms
compare_algorithms;randomValuesAndSizes;bruteforce;26;19185ms
compare_algorithms;randomValuesAndSizes;bruteforce;26;19206.5ms
compare_algorithms;randomValuesAndSizes;bruteforce;26;19190.5ms
compare_algorithms;randomValuesAndSizes;bruteforce;26;19183ms
compare_algorithms;randomValuesAndSizes;bruteforce;26;19210.5ms
compare_algorithms;randomValuesAndSizes;bruteforce;26;19219.6ms
compare_algorithms;randomValuesAndSizes;bruteforce;26;19206.5ms
compare_algorithms;randomValuesAndSizes;bruteforce;26;19248ms
compare_algorithms;randomValuesAndSizes;bruteforce;26;19234.3ms
compare_algorithms;randomValuesAndSizes;bruteforce;26;19218.7ms
compare_algorithms;randomValuesAndSizes;bruteforce;26;19226.3ms
compare_algorithms;randomValuesAndSizes;bruteforce;26;19298ms
compare_algorithms;randomValuesAndSizes;bruteforce;26;19217.5ms
compare_algorithms;randomValuesAndSizes;bruteforce;26;19283.8ms
compare_algorithms;randomValuesAndSizes;bruteforce;26;19224.4ms
compare_algorithms;randomValuesAndSizes;bruteforce;26;19260.6ms
compare_algorithms;randomValuesAndSizes;bruteforce;26;19223.8ms
compare_algorithms;randomValuesAndSizes;bruteforce;26;19217.5ms
compare_algorithms;randomValuesAndSizes;bruteforce;26;19227.5ms
compare_algorithms;randomValuesAndSizes;bruteforce;26;19225.6ms
compare_algorithms;randomValuesAndSizes;bruteforce;26;19211.2ms
compare_algorithms;randomValuesAndSizes;bruteforce;26;19211.1ms
compare_algorithms;randomValuesAndSizes;bruteforce;26;19232.1ms
compare_algorithms;randomValuesAndSizes;bruteforce;26;19195.9ms
compare_algorithms;randomValuesAndSizes;bruteforce;26;19235.7ms
compare_algorithms;randomValuesAndSizes;bruteforce;26;19221.5ms
compare_algorithms;randomValuesAndSizes;bruteforce;26;19208.7ms
compare_algorithms;randomValuesAndSizes;bruteforce;26;19265.9ms
compare_algorithms;randomValuesAndSizes;bruteforce;26;19241.2ms
